		  NONPERIODIC TEMPLATES TEST
-------------------------------------------------------------------------------------
		  COMPUTATIONAL INFORMATION
-------------------------------------------------------------------------------------
	LAMBDA = 24.398438	M = 12500	N = 8	m = 9	n = 100000
-------------------------------------------------------------------------------------
		F R E Q U E N C Y
Template   W_1  W_2  W_3  W_4  W_5  W_6  W_7  W_8    Chi^2   P_value Assignment Index
-------------------------------------------------------------------------------------
000000001   21   24   23   22   24   19   29   24  2.967842 0.936359 SUCCESS   0
000000011   19   21   23   22   26   19   26   23  3.585469 0.892456 SUCCESS   1
000000101   19   24   20   26   24   17   24   23  4.585058 0.800864 SUCCESS   2
000000111   26   21   24   27   31   22   30   24  4.317618 0.827390 SUCCESS   3
000001001   29   23   27   23   28   25   21   19  3.638427 0.888185 SUCCESS   4
000001011   18   24   15   27   17   19   24   24  9.337411 0.314637 SUCCESS   5
000001101   20   26   23   26   37   24   30   25  9.199057 0.325783 SUCCESS   6
000001111   28   26   30   33   27   36   26   21 11.709285 0.164654 SUCCESS   7
000010001   22   26   22   30   27   20   21   27  3.807894 0.874027 SUCCESS   8
000010011   21   23   29   24   33   26   27   25  5.021303 0.755297 SUCCESS   9
000010101   29   26   29   23   21   20   26   22  3.647033 0.887484 SUCCESS  10
000010111   19   22   26   26   16   28   24   28  5.789861 0.670757 SUCCESS  11
000011001   34   29   20   19   20   22   23   23  8.086269 0.425089 SUCCESS  12
000011011   22   25   26   25   27   26   28   31  3.174379 0.922942 SUCCESS  13
000011101   16   22   21   19   26   32   26   18  9.355947 0.313164 SUCCESS  14
000011111   28   25   33   25   24   25   25   18  5.486675 0.704516 SUCCESS  15
000100011   15   23   26   31   24   25   25   25  5.832890 0.665944 SUCCESS  16
000100101   33   26   28   21   21   22   16   19  9.238114 0.322609 SUCCESS  17
000100111   26   19   25   19   26   37   25   35 14.206935 0.076529 SUCCESS  18
000101001   30   24   34   32   19   28   17   29 12.690339 0.122958 SUCCESS  19
000101011   41   17   23   26   33   21   31   24 19.664296 0.011684 SUCCESS  20
000101101   19   14   15   16   25   18   18   26 16.139254 0.040430 SUCCESS  21
000101111   19   20   30   28   25   21   22   28  5.231151 0.732609 SUCCESS  22
000110011   23   21   24   25   15   22   26   20  5.508520 0.702096 SUCCESS  23
000110101   20   25   16   21   26   28   19   24  6.212205 0.623475 SUCCESS  24
000110111   17   28   23   22   38   20   24   27 12.146192 0.144799 SUCCESS  25
000111001   21   21   23   31   27   24   25   16  6.204923 0.624289 SUCCESS  26
000111011   20   31   21   21   22   32   19   24  7.577869 0.475751 SUCCESS  27
000111101   21   29   26   23   25   37   32   17 13.088189 0.108851 SUCCESS  28
000111111   26   16   26   23   25   27   26   15  7.441501 0.489831 SUCCESS  29
001000011   19   25   28   31   26   26   18   15  9.340059 0.314426 SUCCESS  30
001000101   27   20   21   27   25   22   26   19  3.484848 0.900362 SUCCESS  31
001000111   13   24   30   20   27   23   26   31  9.984827 0.266092 SUCCESS  32
001001011   22   20   29   17   20   33   19   10 18.251631 0.019417 SUCCESS  33
001001101   23   16   31   39   26   13   18   20 22.117593 0.004703 FAILURE  34
001001111   32   20   23   26   30   27   24   31  6.928467 0.544370 SUCCESS  35
001010011   27   28   34   27   23   28   17   31  9.826614 0.277407 SUCCESS  36
001010101   27   25   20   32   29   22   32   26  7.267400 0.508076 SUCCESS  37
001010111   46   21   29   27   24   16   32   20 27.705365 0.000534 FAILURE  38
001011011   26   26   16   18   29   26   18   30  9.009731 0.341476 SUCCESS  39
001011101   28   28   21   21   26   22   24   22  2.680542 0.952780 SUCCESS  40
001011111   24   25   33   35   21   22   31   24 10.504482 0.231386 SUCCESS  41
001100101   23   31   28   10   26   28   28   30 13.799155 0.087153 SUCCESS  42
001100111   21   31   27   23   22   20   26   17  6.196317 0.625252 SUCCESS  43
001101011   32   28   19   25   21   26   18   28  7.129709 0.522705 SUCCESS  44
001101101   21   23   22   27   26   21   23   26  1.892124 0.984142 SUCCESS  45
001101111   14   26   25   22   29   26   23   23  6.120189 0.633771 SUCCESS  46
001110101   25   22   22   26   33   25   21   27  4.537396 0.805680 SUCCESS  47
001110111   21   35   26   17   19   28   24   25  9.485033 0.303044 SUCCESS  48
001111011   25   36   34   27   23   35   25   26 14.878844 0.061545 SUCCESS  49
001111101   28   29   26   24   15   26   31   33 10.393931 0.238458 SUCCESS  50
001111111   26   19   20   24   20   25   26   22  3.357086 0.909994 SUCCESS  51
010000011   25   28   26   30   15   26   21   15 10.085448 0.259080 SUCCESS  52
010000111   18   26   31   21   19   32   20   17 11.000304 0.201682 SUCCESS  53
010001011   24   24   20   19   23   20   27   24  3.263747 0.916733 SUCCESS  54
010001111   20   21   24   16   25   21   27   29  5.992427 0.648080 SUCCESS  55
010010011   28   21   14   27   31   20   20   22  9.635964 0.291511 SUCCESS  56
010010111   28   26   26   29   25   25   23   11  9.383088 0.311016 SUCCESS  57
010011011   19   23   26   30   28   23   22   23  3.714555 0.881916 SUCCESS  58
010011111   30   16   20   24   21   35   22   28 11.188307 0.191256 SUCCESS  59
010100011   28   26   25   22   30   26   26   26  2.572640 0.958258 SUCCESS  60
010100111   27   29   28   22   25   30   19   35  9.318214 0.316167 SUCCESS  61
010101011   25   23   24   29   31   24   35   29  8.513908 0.384944 SUCCESS  62
010101111   31   20   30   29   30   19   25   21  7.961155 0.437274 SUCCESS  63
010110011   24   23   20   23   24   25   25   25  1.044790 0.997949 SUCCESS  64
010110111   24   20   16   16   20   24   26   32 10.186069 0.252208 SUCCESS  65
010111011   35   28   25   21   23   20   28   22  7.511671 0.482562 SUCCESS  66
010111111   29   22   34   27   19   26   34   21 11.071798 0.197664 SUCCESS  67
011000111   19   18   20   27   28   27   27   12 11.711271 0.164559 SUCCESS  68
011001111   26   35   22   19   25   21   22   24  7.103891 0.525466 SUCCESS  69
011010111   25   23   27   22   23   25   32   31  5.021303 0.755297 SUCCESS  70
011011111   21   26   21   17   27   31   20   20  7.178695 0.517481 SUCCESS  71
011101111   35   34   22   18   18   25   27   34 16.588076 0.034696 SUCCESS  72
011111111   35   23   22   27   24   18   30   20  9.265255 0.320416 SUCCESS  73
100000000   21   24   23   22   24   19   29   24  2.967842 0.936359 SUCCESS  74
100010000   17   32   30   28   19   18   14   28 14.745786 0.064281 SUCCESS  75
100100000   21   16   23   34   23   16   19   24 11.778793 0.161350 SUCCESS  76
100101000   21   21   22   15   25   38   26   26 13.035230 0.110643 SUCCESS  77
100110000   27   26   18   29   32   24   24   27  5.775298 0.672385 SUCCESS  78
100111000   21   23   20   22   25   21   37   26  8.976632 0.344271 SUCCESS  79
101000000   23   22   30   17   26   15   30   21  9.644570 0.290864 SUCCESS  80
101000100   27   17   26   33   12   19   18   24 15.337596 0.052904 SUCCESS  81
101001000   28   23   37   26   28   19   20   29 10.969853 0.203413 SUCCESS  82
101001100   22   27   29   17   21   23   20   31  6.984735 0.538281 SUCCESS  83
101010000   26   24   26   22   23   25   17   16  5.873271 0.661425 SUCCESS  84
101010100   26   26   17   28   35   22   21   30  9.910024 0.271398 SUCCESS  85
101011000   22   28   13   26   32   25   26   24  8.985238 0.343543 SUCCESS  86
101011100   30   16   32   24   25   19   38   27 16.147197 0.040321 SUCCESS  87
101100000   18   29   22   25   25   36   22   18 10.586567 0.226243 SUCCESS  88
101100100   23   17   21   26   25   24   21   17  5.830242 0.666241 SUCCESS  89
101101000   28   20   27   35   34   18   19   20 14.112272 0.078886 SUCCESS  90
101101100   16   26   18   20   27   29   22   17  9.397651 0.309868 SUCCESS  91
101110000   26   26   25   20   20   24   28   17  4.747243 0.784218 SUCCESS  92
101110100   21   21   27   18   25   20   27   23  4.204420 0.838225 SUCCESS  93
101111000   22   26   29   25   28   27   27   36  8.090241 0.424705 SUCCESS  94
101111100   21   30   25   28   19   22   24   30  5.198052 0.736214 SUCCESS  95
110000000   24   24   21   25   19   19   30   18  6.051344 0.641481 SUCCESS  96
110000010   23   23   23   28   24   22   25   23  1.146735 0.997141 SUCCESS  97
110000100   22   29   21   22   31   27   22   28  4.800202 0.778702 SUCCESS  98
110001000   17   34   26   38   19   28   23   26 16.147197 0.040321 SUCCESS  99
110001010   33   24   22   22   28   17   31   32 10.791781 0.213779 SUCCESS 100
110010000   26   28   25   30   24   19   15   23  7.069468 0.529156 SUCCESS 101
110010010   29   23   23   20   21   26   28   14  7.610968 0.472364 SUCCESS 102
110010100   17   23   25   11   22   33   23   25 13.499278 0.095787 SUCCESS 103
110011000   28   21   19   29   35   24   24   27  8.232567 0.411088 SUCCESS 104
110011010   33   26   30   22   21   22   24   18  7.290570 0.505631 SUCCESS 105
110100000   37   23   26   29   26   20   25   17 11.079080 0.197259 SUCCESS 106
110100010   30   18   21   27   22   25   20   26  5.027261 0.754659 SUCCESS 107
110100100   22   19   30   21   25   19   20   21  5.856059 0.663352 SUCCESS 108
110101000   27   21   36   23   21   32   20   25 10.333691 0.242382 SUCCESS 109
110101010   24   24   21   25   37   24   24   33 10.393931 0.238458 SUCCESS 110
110101100   24   28   16   25   28   28   19   21  6.382995 0.604413 SUCCESS 111
110110000   22   20   27   20   19   39   21   24 12.933285 0.114166 SUCCESS 112
110110010   17   21   19   18   23   17   21   19  9.903404 0.271871 SUCCESS 113
110110100   27   24   27   30   35   19   17   26 10.333691 0.242382 SUCCESS 114
110111000   24   23   19   25   15   29   21   21  6.957594 0.541215 SUCCESS 115
110111010   21   31   32   29   26   22   24   30  7.369345 0.497357 SUCCESS 116
110111100   19   26   27   25   25   27   16   36 10.638202 0.223054 SUCCESS 117
111000000   23   22   20   27   23   21   31   17  6.170500 0.628140 SUCCESS 118
111000010   24   22   27   20   25   28   24   33  5.063008 0.750821 SUCCESS 119
111000100   22   26   31   31   21   28   30   26  6.522011 0.588967 SUCCESS 120
111000110   24   28   25   26   18   21   21   21  3.882698 0.867549 SUCCESS 121
111001000   21   19   21   17   24   25   20   26  5.482703 0.704956 SUCCESS 122
111001010   26   21   33   19   19   29   26   19  8.442415 0.391488 SUCCESS 123
111001100   31   30   22   32   27   20   29   23  7.953873 0.437989 SUCCESS 124
111010000   28   23   23   26   24   18   31   13  9.915982 0.270973 SUCCESS 125
111010010   21   22   28   30   28   31   24   25  5.029909 0.754375 SUCCESS 126
111010100   23   20   24   28   25   34   22   25  5.638930 0.687604 SUCCESS 127
111010110   25   27   30   24   26   26   24   19  3.096928 0.928128 SUCCESS 128
111011000   19   20   27   18   26   29   28   23  5.713734 0.679262 SUCCESS 129
111011010   19   20   24   27   34   21   26   24  6.858297 0.551996 SUCCESS 130
111011100   32   29   17   28   17   34   26   23 12.630099 0.125226 SUCCESS 131
111100000   22   18   24   29   29   27   31   26  6.020892 0.644892 SUCCESS 132
111100010   31   30   28   33   35   21   29   35 17.769710 0.023021 SUCCESS 133
111100100   19   25   27   16   21   27   17   23  7.702983 0.463008 SUCCESS 134
111100110   29   25   26   19   24   26   20   25  3.206154 0.920762 SUCCESS 135
111101000   31   26   20   25   22   25   27   21  3.825105 0.872548 SUCCESS 136
111101010   21   20   25   26   29   26   27   18  4.459944 0.813427 SUCCESS 137
111101100   19   24   33   23   22   26   20   24  5.637606 0.687751 SUCCESS 138
111101110   34   25   25   30   23   28   26   27  6.293628 0.614378 SUCCESS 139
111110000   23   20   22   25   26   32   28   31  6.114232 0.634438 SUCCESS 140
111110010   28   25   37   16   24   27   21   20 11.883386 0.156483 SUCCESS 141
111110100   35   22   24   32   20   25   25   28  8.860124 0.354233 SUCCESS 142
111110110   23   28   27   20   26   25   27   24  2.156254 0.975843 SUCCESS 143
111111000   29   20   19   24   25   24   35   28  8.291483 0.405528 SUCCESS 144
111111010   28   14   19   30   26   34   26   20 12.637381 0.124950 SUCCESS 145
111111100   25   25   27   17   24   20   29   29  5.256968 0.729791 SUCCESS 146
111111110   35   23   22   27   24   18   30   20  9.265255 0.320416 SUCCESS 147

		  NONPERIODIC TEMPLATES TEST
-------------------------------------------------------------------------------------
		  COMPUTATIONAL INFORMATION
-------------------------------------------------------------------------------------
	LAMBDA = 24.398438	M = 12500	N = 8	m = 9	n = 100000
-------------------------------------------------------------------------------------
		F R E Q U E N C Y
Template   W_1  W_2  W_3  W_4  W_5  W_6  W_7  W_8    Chi^2   P_value Assignment Index
-------------------------------------------------------------------------------------
000000001   17   29   32   32   21   28   13   35 19.417378 0.012780 SUCCESS   0
000000011   21   27   24   23   21   24   20   25  2.196635 0.974382 SUCCESS   1
000000101   21   27   22   33   25   36   22   32 12.563901 0.127761 SUCCESS   2
000000111   28   26   18   27   22   22   18   32  7.349486 0.499437 SUCCESS   3
000001001   17   16   21   20   26   23   23   31  8.736996 0.364966 SUCCESS   4
000001011   17   25   29   28   25   34   29   37 15.327004 0.053090 SUCCESS   5
000001101   18   20   22   19   25   22   27   15  8.320610 0.402795 SUCCESS   6
000001111   24   34   21   21   25   21   24   21  5.891806 0.659350 SUCCESS   7
000010001   25   31   20   23   23   29   25   32  6.207571 0.623993 SUCCESS   8
000010011   25   17   25   18   22   27   30   28  6.493546 0.592124 SUCCESS   9
000010101   34   20   22   30   23   26   21   18  8.713826 0.367009 SUCCESS  10
000010111   30   21   23   33   16   30   24   30 10.689836 0.219900 SUCCESS  11
000011001   21   22   26   21   27   30   21   21  3.925726 0.863762 SUCCESS  12
000011011   21   18   21   19   28   20   24   21  5.813031 0.668166 SUCCESS  13
000011101   39   30   19   23   29   34   17   22 19.045345 0.014619 SUCCESS  14
000011111   23   29   22   24   26   18   16   26  6.170500 0.628140 SUCCESS  15
000100011   24   26   25   26   26   37   18   35 13.572096 0.093623 SUCCESS  16
000100101   19   18   27   23   28   28   24   20  5.264250 0.728995 SUCCESS  17
000100111   23   28   29   23   23   25   23   27  2.080127 0.978456 SUCCESS  18
000101001   28   22   25   23   17   22   20   33  7.408402 0.493277 SUCCESS  19
000101011   32   14   21   25   25   20   22   26  8.721108 0.366366 SUCCESS  20
000101101   17   26   23   15   26   29   28   21  8.297441 0.404968 SUCCESS  21
000101111   24   25   20   26   20   21   30   26  3.697343 0.883346 SUCCESS  22
000110011   20   27   26   25   26   22   21   16  5.060360 0.751106 SUCCESS  23
000110101   24   27   33   25   21   36   23   31 11.564311 0.171727 SUCCESS  24
000110111   22   31   27   21   23   19   27   25  4.485761 0.810856 SUCCESS  25
000111001   26   22   22   28   35   23   33   28  9.674359 0.288629 SUCCESS  26
000111011   30   31   21   23   32   35   27   19 12.479167 0.131071 SUCCESS  27
000111101   18   21   26   30   28   26   24   20  5.146417 0.741818 SUCCESS  28
000111111   25   25   24   24   22   19   23   19  2.840080 0.943989 SUCCESS  29
001000011   26   22   25   23   26   27   26   23  1.037509 0.998000 SUCCESS  30
001000101   20   27   25   19   27   21   32   25  5.595901 0.692393 SUCCESS  31
001000111   20   22   20   32   26   37   31   20 13.833578 0.086208 SUCCESS  32
001001011   23   18   23   20   28   28   26   21  4.416915 0.817687 SUCCESS  33
001001101   28   25   24   24   25   26   25   20  1.537303 0.992071 SUCCESS  34
001001111   15   32   24   29   28   24   27   23  8.020071 0.431512 SUCCESS  35
001010011   27   31   28   22   16   23   23   30  7.409726 0.493139 SUCCESS  36
001010101   27   23   27   24   27   19   28   25  2.749388 0.949087 SUCCESS  37
001010111   26   25   16   26   30   20   19   23  6.687506 0.570693 SUCCESS  38
001011011   21   31   21   22   24   32   23   15  9.348665 0.313742 SUCCESS  39
001011101   31   21   23   28   24   21   25   26  3.588117 0.892244 SUCCESS  40
001011111   27   16   20   20   22   21   27   27  6.220810 0.622513 SUCCESS  41
001100101   27   23   33   23   30   20   27   23  6.105626 0.635401 SUCCESS  42
001100111   24   18   26   20   24   21   28   19  4.949809 0.762927 SUCCESS  43
001101011   22   19   31   26   27   32   27   29  7.352134 0.499160 SUCCESS  44
001101101   28   17   26   21   18   26   24   25  5.331771 0.721598 SUCCESS  45
001101111   24   31   31   19   28   16   21   18 10.695794 0.219539 SUCCESS  46
001110101   31   19   24   25   24   27   23   25  3.494778 0.899595 SUCCESS  47
001110111   32   27   19   19   21   33   25   16 11.831751 0.158870 SUCCESS  48
001111011   24   25   19   22   15   25   29   17  8.474190 0.388571 SUCCESS  49
001111101   22   29   23   23   14   21   26   27  6.772240 0.561394 SUCCESS  50
001111111   24   24   23   21   26   16   33   20  7.636785 0.469729 SUCCESS  51
010000011   22   27   19   28   19   22   24   16  6.788127 0.559655 SUCCESS  52
010000111   21   19   25   24   30   25   20   23  3.993248 0.857732 SUCCESS  53
010001011   24   28   19   17   27   21   34   14 13.372840 0.099649 SUCCESS  54
010001111   23   19   20   28   28   35   34   17 14.222822 0.076139 SUCCESS  55
010010011   21   23   23   25   26   23   22   21  1.594896 0.991018 SUCCESS  56
010010111   26   18   20   25   20   21   32   25  6.450517 0.596901 SUCCESS  57
010011011   31   26   31   20   20   27   25   22  5.986469 0.648748 SUCCESS  58
010011111   18   22   23   28   22   19   29   21  5.475421 0.705762 SUCCESS  59
010100011   18   31   31   24   22   29   29   20  8.291483 0.405528 SUCCESS  60
010100111   28   31   28   29   21   26   16   31  9.275185 0.319616 SUCCESS  61
010101011   28   25   28   20   30   17   28   23  6.214853 0.623179 SUCCESS  62
010101111   30   27   18   29   25   17   21   24  7.078074 0.528233 SUCCESS  63
010110011   27   16   27   19   18   31   22   28  9.170592 0.328110 SUCCESS  64
010110111   27   22   24   18   31   27   29   26  5.410547 0.712929 SUCCESS  65
010111011   33   21   25   29   30   21   28   40 17.216957 0.027928 SUCCESS  66
010111111   24   25   15   18   22   23   24   30  7.161484 0.519314 SUCCESS  67
011000111   24   23   16   26   23   24   22   36  9.222227 0.323898 SUCCESS  68
011001111   26   27   24   22   29   22   30   23  3.198873 0.921264 SUCCESS  69
011010111   21   24   28   29   33   22   22   31  7.411050 0.493001 SUCCESS  70
011011111   25   30   29   28   28   20   25   22  4.419563 0.817426 SUCCESS  71
011101111   23   28   19   22   29   30   28   20  5.706452 0.680075 SUCCESS  72
011111111   19   29   27   25   24   21   34   16  9.823966 0.277599 SUCCESS  73
100000000   17   29   32   32   21   28   13   35 19.417378 0.012780 SUCCESS  74
100010000   15   17   29   34   24   22   18   32 15.297215 0.053618 SUCCESS  75
100100000   19   26   28   20   26   26   24   19  4.171321 0.841345 SUCCESS  76
100101000   15   25   34   23   18   27   28   32 12.765143 0.120190 SUCCESS  77
100110000   22   18   19   19   14   27   25   23  9.413539 0.308619 SUCCESS  78
100111000   20   18   13   25   22   32   17   23 13.167626 0.106211 SUCCESS  79
101000000   15   29   26   29   26   22   22   26  6.349896 0.608101 SUCCESS  80
101000100   24   26   28   29   22   26   13   33 10.553468 0.228306 SUCCESS  81
101001000   33   23   26   26   20   19   26   10 14.381035 0.072359 SUCCESS  82
101001100   18   16   25   19   17   25   28   24  8.863434 0.353947 SUCCESS  83
101010000   25   27   26   27   21   25   29   31  3.945586 0.861999 SUCCESS  84
101010100   31   28   23   28   23   27   31   25  5.259616 0.729502 SUCCESS  85
101011000   29   19   33   32   31   25   30   28 11.455085 0.177222 SUCCESS  86
101011100   22   19   28   15   36   15   23   25 15.313103 0.053336 SUCCESS  87
101100000   28   14   25   32   17   24   26   25 10.043744 0.261969 SUCCESS  88
101100100   29   31   29   24   30   19   23   21  6.783493 0.560162 SUCCESS  89
101101000   22   24   25   19   27   27   21   29  3.460355 0.902245 SUCCESS  90
101101100   20   24   17   30   29   23   28   22  6.247952 0.619479 SUCCESS  91
101110000   19   27   21   15   26   31   18   35 14.204287 0.076594 SUCCESS  92
101110100   30   16   21   19   13   25   22   16 14.793449 0.063288 SUCCESS  93
101111000   30   18   30   24   23   26   26   23  4.782990 0.780499 SUCCESS  94
101111100   32   33   26   25   28   25   22   21  7.004594 0.536137 SUCCESS  95
110000000   19   19   21   28   21   33   19   32 10.814950 0.212406 SUCCESS  96
110000010   20   17   24   20   21   20   34   31 11.026122 0.200223 SUCCESS  97
110000100   31   18   25   20   29   35   22   19 11.553058 0.172287 SUCCESS  98
110001000   21   15   33   30   28   27   22   22 10.019250 0.263677 SUCCESS  99
110001010   28   20   22   20   22   17   23   25  5.093459 0.747542 SUCCESS 100
110010000   23   30   24   19   27   24   30   31  6.122837 0.633474 SUCCESS 101
110010010   23   25   26   24   26   26   28   24  0.987198 0.998328 SUCCESS 102
110010100   24   29   23   30   19   28   29   29  5.894454 0.659053 SUCCESS 103
110011000   29   25   31   25   19   24   26   23  4.207068 0.837974 SUCCESS 104
110011010   24   23   29   29   26   27   21   21  3.257789 0.917154 SUCCESS 105
110100000   20   27   19   27   21   19   22   28  5.145093 0.741962 SUCCESS 106
110100010   24   29   21   24   22   28   19   25  3.443143 0.903557 SUCCESS 107
110100100   22   29   26   25   25   19   22   13  8.263018 0.408209 SUCCESS 108
110101000   22   26   31   27   20   25   23   27  3.690062 0.883949 SUCCESS 109
110101010   32   30   24   24   26   25   31   23  5.844144 0.664685 SUCCESS 110
110101100   31   20   26   26   24   29   27   30  5.403265 0.713732 SUCCESS 111
110110000   27   12   22   21   22   33   29   19 13.042512 0.110395 SUCCESS 112
110110010   25   34   25   22   27   13   26   23 10.162900 0.253778 SUCCESS 113
110110100   22   20   25   20   28   27   22   33  6.112908 0.634586 SUCCESS 114
110111000   24   29   21   22   22   31   20   30  5.875919 0.661129 SUCCESS 115
110111010   37   27   27   20   12   19   29   19 18.000079 0.021226 SUCCESS 116
110111100   23   17   24   23   25   27   26   18  4.636693 0.795607 SUCCESS 117
111000000   25   23   18   24   30   31   28   34  9.470469 0.304174 SUCCESS 118
111000010   28   19   22   16   21   34   23   19 10.728893 0.217539 SUCCESS 119
111000100   19   30   28   27   33   35   19   22 12.775072 0.119827 SUCCESS 120
111000110   29   30   23   22   19   29   22   25  4.943851 0.763560 SUCCESS 121
111001000   17   24   23   24   22   22   35   29  8.561571 0.380619 SUCCESS 122
111001010   21   31   20   26   28   24   20   20  5.459534 0.707519 SUCCESS 123
111001100   37   24   29   21   26   21   27   24  9.012379 0.341253 SUCCESS 124
111010000   21   14   23   28   20   22   20   24  7.592432 0.474259 SUCCESS 125
111010010   25   19   30   24   20   24   26   11 11.126743 0.194621 SUCCESS 126
111010100   22   25   24   34   16   22   21   23  7.975719 0.435846 SUCCESS 127
111010110   31   19   21   32   25   20   25   30  8.198144 0.414358 SUCCESS 128
111011000   30   19   26   22   28   24   24   18  5.213939 0.734484 SUCCESS 129
111011010   25   26   24   22   35   21   27   35 10.673948 0.220867 SUCCESS 130
111011100   27   35   18   26   23   26   22   24  7.333598 0.501104 SUCCESS 131
111100000   28   26   24   14   30   22   34   32 13.172922 0.106037 SUCCESS 132
111100010   22   33   28   22   28   29   26   26  5.835538 0.665648 SUCCESS 133
111100100   14   27   23   25   27   28   27   21  6.578279 0.582739 SUCCESS 134
111100110   32   23   24   28   25   21   23   24  3.681456 0.884660 SUCCESS 135
111101000   19   15   22   29   23   26   23   18  8.126650 0.421197 SUCCESS 136
111101010   30   24   22   32   29   20   22   24  5.995075 0.647784 SUCCESS 137
111101100   23   34   33   20   16   20   26   22 12.103163 0.146660 SUCCESS 138
111101110   16   31   13   25   19   20   22   20 13.472137 0.096605 SUCCESS 139
111110000   31   27   17   18   31   25   31   24  9.901418 0.272013 SUCCESS 140
111110010   25   26   30   24   33   25   20   22  5.673353 0.683768 SUCCESS 141
111110100   14   17   16   30   22   18   23   16 16.267016 0.038714 SUCCESS 142
111110110   23   38   27   21   22   17   28   25 11.824469 0.159209 SUCCESS 143
111111000   27   34   20   13   30   27   27   22 12.663198 0.123975 SUCCESS 144
111111010   19   18   18   30   21   13   24   21 12.522858 0.129355 SUCCESS 145
111111100   29   33   19   21   30   22   30   19  9.892812 0.272630 SUCCESS 146
111111110   19   29   27   25   24   21   34   16  9.823966 0.277599 SUCCESS 147

		  NONPERIODIC TEMPLATES TEST
-------------------------------------------------------------------------------------
		  COMPUTATIONAL INFORMATION
-------------------------------------------------------------------------------------
	LAMBDA = 24.398438	M = 12500	N = 8	m = 9	n = 100000
-------------------------------------------------------------------------------------
		F R E Q U E N C Y
Template   W_1  W_2  W_3  W_4  W_5  W_6  W_7  W_8    Chi^2   P_value Assignment Index
-------------------------------------------------------------------------------------
000000001   31   28   32   29   20   29   20   21  8.766785 0.362350 SUCCESS   0
000000011   26   25   25   28   20   24   20   18  4.069376 0.850810 SUCCESS   1
000000101   27   19   26   25   31   28   24   24  4.054812 0.852145 SUCCESS   2
000000111   26   26   29   31   20   30   22   18  7.088004 0.527168 SUCCESS   3
000001001   26   22   22   24   24   22   30   21  2.671937 0.953231 SUCCESS   4
000001011   26   25   24   29   35   25   24   23  5.894454 0.659053 SUCCESS   5
000001101   20   21   18   23   20   16   16   23 10.005349 0.264651 SUCCESS   6
000001111   26   29   26   21   26   24   20   31  4.385140 0.820811 SUCCESS   7
000010001   29   20   15   28   18   14   27   34 16.516582 0.035556 SUCCESS   8
000010011   22   23   26   25   23   27   23   23  0.985874 0.998336 SUCCESS   9
000010101   31   26   18   15   27   25   31   25  9.595583 0.294565 SUCCESS  10
000010111   25   19   22   25   38   25   22   24  9.612795 0.293261 SUCCESS  11
000011001   20   25   24   22   21   20   26   26  2.611696 0.956319 SUCCESS  12
000011011   27   28   26   25   13   23   12   22 13.303994 0.101809 SUCCESS  13
000011101   33   14   32   37   23   28   21   18 19.747706 0.011334 SUCCESS  14
000011111   21   31   22   24   25   19   19   35  9.832572 0.276974 SUCCESS  15
000100011   24   19   20   27   25   26   25   37  9.214945 0.324489 SUCCESS  16
000100101   30   23   21   34   31   22   21   21  8.876011 0.352863 SUCCESS  17
000100111   23   25   28   32   23   29   24   21  4.571819 0.802206 SUCCESS  18
000101001   24   20   26   23   32   24   27   21  4.248773 0.834010 SUCCESS  19
000101011   23   19   21   15   28   23   36   24 11.890667 0.156149 SUCCESS  20
000101101   18   30   22   29   30   28   22   30  7.656645 0.467708 SUCCESS  21
000101111   15   23   27   23   28   29   27   28  6.477659 0.593887 SUCCESS  22
000110011   23   22   19   30   23   23   24   17  5.382082 0.716066 SUCCESS  23
000110101   17   31   33   21   30   20   22   21 10.671301 0.221028 SUCCESS  24
000110111   24   30   20   18   15   23   19   26  9.058718 0.337367 SUCCESS  25
000111001   30   28   25   25   20   23   28   17  5.680635 0.682955 SUCCESS  26
000111011   19   18   24   32   20   24   23   29  7.230330 0.511998 SUCCESS  27
000111101   29   27   20   22   22   22   26   26  2.951954 0.937336 SUCCESS  28
000111111   24   37   22   19   25   19   29   23 10.442917 0.235304 SUCCESS  29
001000011   28   28   32   31   14   20   21   20 12.103163 0.146660 SUCCESS  30
001000101   18   22   28   19   22   26   35   30 10.205929 0.250869 SUCCESS  31
001000111   22   26   26   25   26   23   26   29  1.673671 0.989435 SUCCESS  32
001001011   32   29   22   31   33   22   23   18 10.630920 0.223501 SUCCESS  33
001001101   27   34   21   16   26   26   23   21  8.459626 0.389907 SUCCESS  34
001001111   22   26   13   26   24   28   18   23  8.339146 0.401062 SUCCESS  35
001010011   32   28   31   24   37   26   22   18 13.665435 0.090913 SUCCESS  36
001010101   19   19   28   22   25   25   25   30  4.638017 0.795471 SUCCESS  37
001010111   27   19   24   22   30   12   24   23  9.703486 0.286457 SUCCESS  38
001011011   22   22   33   31   30   28   21   26  7.945268 0.438835 SUCCESS  39
001011101   35   23   23   19   29   26   22   32  9.859713 0.275011 SUCCESS  40
001011111   23   24   31   20   30   28   34   28  9.089831 0.334775 SUCCESS  41
001100101   19   31   27   17   29   30   13   22 13.661463 0.091027 SUCCESS  42
001100111   24   16   26   26   24   25   28   17  6.102978 0.635698 SUCCESS  43
001101011   29   31   36   18   24   22   16   25 13.434404 0.097752 SUCCESS  44
001101101   28   25   24   24   20   31   16   17  8.551641 0.381517 SUCCESS  45
001101111   18   28   19   21   23   23   21   23  4.745919 0.784355 SUCCESS  46
001110101   31   15   31   27   20   22   16   18 13.507884 0.095529 SUCCESS  47
001110111   30   21   27   30   14   25   25   26  8.155115 0.418467 SUCCESS  48
001111011   25   24   21   32   18   21   23   21  5.755439 0.674605 SUCCESS  49
001111101   29   19   21   25   20   17   27   29  6.958918 0.541072 SUCCESS  50
001111111   20   28   24   17   26   24   26   18  5.653494 0.685981 SUCCESS  51
010000011   22   23   27   24   24   21   28   34  5.571408 0.695116 SUCCESS  52
010000111   29   27   24   23   19   24   22   30  4.087911 0.849106 SUCCESS  53
010001011   17   21   23   22   20   24   22   38 12.042923 0.149299 SUCCESS  54
010001111   26   28   20   26   25   25   23   29  2.597133 0.957047 SUCCESS  55
010010011   24   30   20   20   25   19   35   20  9.806755 0.278852 SUCCESS  56
010010111   28   27   26   30   29   27   20   22  4.521508 0.807277 SUCCESS  57
010011011   24   30   19   20   28   25   22   17  6.518039 0.589407 SUCCESS  58
010011111   27   27   23   24   30   23   24   20  2.901644 0.940377 SUCCESS  59
010100011   19   24   25   24   26   23   24   22  1.705446 0.988749 SUCCESS  60
010100111   24   25   31   25   35   27   22   22  7.419656 0.492104 SUCCESS  61
010101011   17   14   28   23   25   32   24   23 10.085448 0.259080 SUCCESS  62
010101111   19   15   26   22   28   14   25   22 10.718963 0.218137 SUCCESS  63
010110011   21   24   27   18   25   24   22   21  3.272352 0.916122 SUCCESS  64
010110111   25   18   31   26   22   28   35   26  9.368524 0.312167 SUCCESS  65
010111011   33   23   25   17   21   31   28   27  8.723756 0.366133 SUCCESS  66
010111111   23   21   18   20   28   22   25   33  7.069468 0.529156 SUCCESS  67
011000111   28   18   23   24   26   16   28   24  6.026850 0.644224 SUCCESS  68
011001111   19   18   27   26   26   21   26   16  7.059539 0.530223 SUCCESS  69
011010111   34   32   26   16   23   22   18   26 11.620580 0.168952 SUCCESS  70
011011111   22   23   14   24   24   18   22   18  8.633727 0.374130 SUCCESS  71
011101111   32   23   23   28   11   24   19   20 12.830017 0.117834 SUCCESS  72
011111111   22   26   24   25   33   24   25   26  3.639751 0.888077 SUCCESS  73
100000000   31   28   32   30   20   29   20   21  9.199057 0.325783 SUCCESS  74
100010000   23   29   22   36   29   17   21   19 11.866174 0.157275 SUCCESS  75
100100000   28   19   22   30   22   22   22   31  5.934835 0.654531 SUCCESS  76
100101000   17   28   24   18   19   22   18   28  8.372245 0.397978 SUCCESS  77
100110000   34   34   20   17   32   26   33   20 17.461227 0.025649 SUCCESS  78
100111000   22   24   25   31   23   31   21   20  5.350307 0.719562 SUCCESS  79
101000000   19   19   24   19   21   25   25   25  4.246125 0.834262 SUCCESS  80
101000100   27   30   24   28   21   30   28   20  5.360237 0.718470 SUCCESS  81
101001000   20   28   27   32   21   25   20   26  5.536985 0.698939 SUCCESS  82
101001100   37   30   18   18   31   26   25   14 18.077531 0.020653 SUCCESS  83
101010000   26   30   23   21   26   26   26   27  2.622950 0.955751 SUCCESS  84
101010100   18   42   24   25   31   22   29   25 17.884894 0.022106 SUCCESS  85
101011000   15   23   21   20   35   22   22   25 10.398565 0.238158 SUCCESS  86
101011100   29   30   22   21   18   22   15   28  9.229509 0.323307 SUCCESS  87
101100000   24   17   33   35   24   22   25   26 10.596497 0.225627 SUCCESS  88
101100100   25   24   20   23   23   24   25   27  1.316202 0.995356 SUCCESS  89
101101000   24   28   22   24   22   36   22   24  7.003270 0.536280 SUCCESS  90
101101100   18   17   31   24   27   17   20   26  9.440680 0.306494 SUCCESS  91
101110000   28   27   19   15   25   22   25   28  6.637196 0.576233 SUCCESS  92
101110100   28   18   30   30   25   31   25   29  7.716885 0.461603 SUCCESS  93
101111000   29   23   27   20   19   19   24   26  4.671116 0.792079 SUCCESS  94
101111100   20   27   18   27   25   24   28   25  3.714555 0.881916 SUCCESS  95
110000000   31   30   26   22   27   26   22   22  4.410958 0.818274 SUCCESS  96
110000010   16   20   17   29   22   22   34   30 12.746607 0.120871 SUCCESS  97
110000100   39   24   26   27   26   24   23   20 10.452847 0.234669 SUCCESS  98
110001000   17   23   20   39   32   20   19   24 16.763501 0.032668 SUCCESS  99
110001010   24   16   25   19   19   25   25   22  5.754115 0.674753 SUCCESS 100
110010000   32   15   27   19   23   22   24   33 11.179701 0.191724 SUCCESS 101
110010010   22   33   27   23   22   24   25   30  5.343025 0.720362 SUCCESS 102
110010100   24   33   25   24   25   27   17   30  7.113821 0.524404 SUCCESS 103
110011000   29   29   21   29   31   23   25   15  8.867406 0.353605 SUCCESS 104
110011010   20   23   21   23   26   24   30   28  3.468960 0.901585 SUCCESS 105
110100000   19   21   26   20   22   18   31   22  6.720605 0.567055 SUCCESS 106
110100010   29   23   17   25   23   26   21   23  4.077982 0.850020 SUCCESS 107
110100100   25   29   29   29   27   22   26   19  4.580424 0.801334 SUCCESS 108
110101000   19   23   22   18   33   22   19   26  8.017424 0.431770 SUCCESS 109
110101010   16   37   24   26   31   29   28   18 14.858985 0.061946 SUCCESS 110
110101100   18   14   30   22   32   23   21   19 12.143544 0.144913 SUCCESS 111
110110000   24   23   36   35   24   17   21   22 13.612477 0.092442 SUCCESS 112
110110010   23   19   22   26   20   24   17   31  6.661689 0.573534 SUCCESS 113
110110100   27   23   22   27   21   34   17   22  7.857886 0.447474 SUCCESS 114
110111000   27   32   20   18   26   16   33   18 13.255008 0.103372 SUCCESS 115
110111010   27   23   28   30   22   24   25   26  2.622950 0.955751 SUCCESS 116
110111100   30   26   26   31   17   19   27   28  7.783083 0.454941 SUCCESS 117
111000000   35   30   24   20   25   23   22   26  7.368021 0.497496 SUCCESS 118
111000010   35   27   18   30   26   26   20   18 10.883796 0.208371 SUCCESS 119
111000100   16   25   29   33   24   19   23   24  8.366287 0.398532 SUCCESS 120
111000110   24   32   24   27   31   34   25   16 11.504071 0.174740 SUCCESS 121
111001000   21   25   32   24   22   27   36   34 13.098118 0.108518 SUCCESS 122
111001010   28   29   26   28   30   17   20   27  6.859621 0.551852 SUCCESS 123
111001100   30   26   29   23   27   27   19   18  5.960652 0.651640 SUCCESS 124
111010000   19   24   23   25   20   21   34   26  6.663013 0.573388 SUCCESS 125
111010010   18   26   32   30   23   27   22   27  6.520687 0.589114 SUCCESS 126
111010100   33   19   26   13   31   28   20   29 14.095060 0.079321 SUCCESS 127
111010110   22   16   25   23   28   19   27   18  7.135666 0.522069 SUCCESS 128
111011000   22   24   29   35   19   20   31   25  9.825290 0.277503 SUCCESS 129
111011010   26   28   23   23   28   29   25   23  2.368750 0.967571 SUCCESS 130
111011100   28   28   26   23   26   19   34   16  9.528061 0.299723 SUCCESS 131
111100000   28   32   25   23   27   18   22   28  5.910342 0.657274 SUCCESS 132
111100010   20   20   28   21   24   22   23   35  7.773153 0.455937 SUCCESS 133
111100100   20   27   34   25   24   26   29   34  9.945771 0.268853 SUCCESS 134
111100110   29   25   16   24   29   23   22   19  6.365784 0.606330 SUCCESS 135
111101000   19   27   17   18   19   18   26   24  8.659544 0.371825 SUCCESS 136
111101010   22   21   20   16   30   35   26   30 12.070064 0.148105 SUCCESS 137
111101100   24   19   25   35   17   22   21   24  9.077253 0.335821 SUCCESS 138
111101110   29   25   24   26   27   19   29   19  4.681045 0.791059 SUCCESS 139
111110000   26   29   21   29   27   23   15   17  8.823053 0.357442 SUCCESS 140
111110010   16   24   27   23   25   19   25   31  6.476335 0.594034 SUCCESS 141
111110100   24   19   20   22   16   23   28   21  6.414770 0.600876 SUCCESS 142
111110110   25   22   25   31   24   20   19   18  5.916300 0.656607 SUCCESS 143
111111000   30   27   32   22   25   19   20   25  6.392925 0.603307 SUCCESS 144
111111010   20   25   18   15   18   24   28   23  8.685361 0.369530 SUCCESS 145
111111100   24   30   23   22   27   22   25   29  3.105533 0.927561 SUCCESS 146
111111110   22   26   24   25   33   24   25   26  3.639751 0.888077 SUCCESS 147

		  NONPERIODIC TEMPLATES TEST
-------------------------------------------------------------------------------------
		  COMPUTATIONAL INFORMATION
-------------------------------------------------------------------------------------
	LAMBDA = 24.398438	M = 12500	N = 8	m = 9	n = 100000
-------------------------------------------------------------------------------------
		F R E Q U E N C Y
Template   W_1  W_2  W_3  W_4  W_5  W_6  W_7  W_8    Chi^2   P_value Assignment Index
-------------------------------------------------------------------------------------
000000001   21   23   20   27   31   18   27   22  5.789861 0.670757 SUCCESS   0
000000011   23   26   29   31   33   24   29   19  8.208074 0.413413 SUCCESS   1
000000101   18   34   26   21   14   16   17   25 16.141902 0.040394 SUCCESS   2
000000111   25   26   31   27   27   24   28   13  8.604600 0.376741 SUCCESS   3
000001001   17   23   20   26   27   26   29   27  4.909428 0.767211 SUCCESS   4
000001011   21   34   30   22   13   21   19   21 13.685957 0.090327 SUCCESS   5
000001101   20   27   22   26   27   20   24   27  2.858615 0.942914 SUCCESS   6
000001111   34   22   27   18   23   19   25   26  7.612292 0.472228 SUCCESS   7
000010001   27   20   21   31   25   25   17   21  6.281051 0.615782 SUCCESS   8
000010011   16   27   22   27   29   31   20   23  7.451431 0.488799 SUCCESS   9
000010101   26   27   21   29   28   33   24   30  6.802029 0.558135 SUCCESS  10
000010111   24   29   26   30   21   23   18   20  5.468139 0.706567 SUCCESS  11
000011001   17   30   23   18   33   29   26   26  9.714740 0.285621 SUCCESS  12
000011011   24   24   29   24   26   24   26   27  1.428077 0.993839 SUCCESS  13
000011101   30   22   17   24   18   21   26   18  7.965789 0.436819 SUCCESS  14
000011111   31   26   28   27   17   23   26   30  6.631238 0.576890 SUCCESS  15
000100011   23   16   26   29   31   18   26   22  8.010142 0.432480 SUCCESS  16
000100101   25   23   22   29   22   33   28   17  7.485854 0.485230 SUCCESS  17
000100111   17   22   22   30   30   27   28   21  6.790775 0.559366 SUCCESS  18
000101001   25   26   24   21   32   22   23   40 13.707140 0.089725 SUCCESS  19
000101011   28   31   21   30   28   26   24   31  6.725901 0.566474 SUCCESS  20
000101101   19   21   30   22   25   24   11   19 12.159431 0.144231 SUCCESS  21
000101111   25   32   25   37   25   24   17   23 11.630509 0.168467 SUCCESS  22
000110011   18   28   24   13   27   30   22   22  9.898770 0.272203 SUCCESS  23
000110101   23   25   27   21   22   22   17   21  4.169997 0.841469 SUCCESS  24
000110111   17   27   24   26   27   20   27   23  4.197138 0.838913 SUCCESS  25
000111001   21   22   22   27   29   25   21   25  2.680542 0.952780 SUCCESS  26
000111011   28   18   23   21   25   16   22   20  6.923171 0.544944 SUCCESS  27
000111101   25   30   31   15   24   21   32   25  9.892812 0.272630 SUCCESS  28
000111111   27   25   19   27   19   25   22   25  3.332592 0.911787 SUCCESS  29
001000011   21   31   30   23   24   26   20   27  4.969669 0.760813 SUCCESS  30
001000101   22   18   23   23   28   25   26   16  5.805749 0.668980 SUCCESS  31
001000111   32   20   22   28   29   18   27   24  6.986059 0.538138 SUCCESS  32
001001011   24   21   23   25   17   30   21   27  5.018655 0.755580 SUCCESS  33
001001101   18   28   27   17   31   27   31   14 13.450292 0.097267 SUCCESS  34
001001111   24   24   20   25   32   26   29   25  4.317618 0.827390 SUCCESS  35
001010011   26   23   20   27   32   19   28   33  8.664840 0.371353 SUCCESS  36
001010101   19   15   26   26   19   26   31   20  9.203691 0.325405 SUCCESS  37
001010111   28   26   17   25   23   23   28   26  3.816500 0.873288 SUCCESS  38
001011011   20   20   31   21   28   23   21   26  5.205333 0.735421 SUCCESS  39
001011101   22   19   27   25   20   10   26   15 15.234327 0.054746 SUCCESS  40
001011111   24   26   24   32   25   20   23   23  3.570905 0.893618 SUCCESS  41
001100101   25   26   25   22   22   20   21   27  2.222452 0.973421 SUCCESS  42
001100111   19   27   24   18   32   24   28   24  6.273769 0.616595 SUCCESS  43
001101011   31   27   38   18   22   29   19   26 14.189723 0.076952 SUCCESS  44
001101101   27   26   22   20   21   30   37   27 10.291986 0.245127 SUCCESS  45
001101111   11   31   28   28   26   18   21   29 13.780620 0.087666 SUCCESS  46
001110101   19   28   19   30   20   24   34   15 12.822735 0.118096 SUCCESS  47
001110111   26   19   18   24   26   25   16   24  6.203599 0.624437 SUCCESS  48
001111011   18   27   23   26   35   27   26   18  9.104394 0.333566 SUCCESS  49
001111101   30   19   21   19   28   24   30   23  6.256557 0.618518 SUCCESS  50
001111111   26   19   28   32   24   26   20   20  6.095696 0.636513 SUCCESS  51
010000011   28   31   26   22   24   25   21   23  3.342522 0.911062 SUCCESS  52
010000111   27   27   25   20   19   30   23   25  4.070700 0.850689 SUCCESS  53
010001011   17   17   20   26   28   30   17   25  9.779614 0.280836 SUCCESS  54
010001111   29   23   27   28   24   21   21   19  4.036277 0.853836 SUCCESS  55
010010011   24   34   18   25   27   22   33   23  9.410229 0.308879 SUCCESS  56
010010111   19   18   24   25   23   23   27   22  3.687414 0.884168 SUCCESS  57
010011011   23   24   21   18   29   19   23   18  6.262515 0.617852 SUCCESS  58
010011111   28   23   26   25   27   30   37   21  9.589626 0.295018 SUCCESS  59
010100011   22   24   31   30   17   26   25   22  6.112908 0.634586 SUCCESS  60
010100111   26   29   27   22   24   14   25   29  7.036369 0.532714 SUCCESS  61
010101011   23   15   35   30   22   24   22   23 10.493228 0.232099 SUCCESS  62
010101111   26   21   19   26   19   20   20   25  4.830653 0.775513 SUCCESS  63
010110011   20   29   27   27   19   27   14   25  8.407992 0.394664 SUCCESS  64
010110111   23   19   26   24   24   15   20   31  7.847957 0.448462 SUCCESS  65
010111011   26   24   34   20   15   22   21   21  9.805431 0.278949 SUCCESS  66
010111111   32   22   23   26   24   30   27   22  4.749891 0.783943 SUCCESS  67
011000111   18   27   18   24   19   24   23   27  5.373476 0.717014 SUCCESS  68
011001111   18   23   27   21   23   23   24   29  3.662920 0.886184 SUCCESS  69
011010111   22   23   32   18   21   29   21   28  6.934425 0.543724 SUCCESS  70
011011111   24   18   17   19   16   18   23   27 10.387311 0.238887 SUCCESS  71
011101111   31   25   23   23   28   26   21   29  4.072024 0.850567 SUCCESS  72
011111111   20   13   26   27   24   30   20   19 10.109942 0.257394 SUCCESS  73
100000000   21   23   20   27   31   18   27   22  5.789861 0.670757 SUCCESS  74
100010000   30   28   20   24   21   30   20   30  6.672943 0.572295 SUCCESS  75
100100000   21   19   29   24   26   27   15   31  8.611881 0.376087 SUCCESS  76
100101000   38   21   21   26   15   24   20   23 13.576730 0.093487 SUCCESS  77
100110000   30   27   27   18   25   26   37   29 11.386239 0.180760 SUCCESS  78
100111000   27   27   21   23   32   25   25   33  6.759000 0.562844 SUCCESS  79
101000000   29   29   31   34   27   21   25   23  8.420569 0.393502 SUCCESS  80
101000100   25   20   31   23   22   22   35   23  8.096199 0.424130 SUCCESS  81
101001000   21   23   22   16   30   28   17   19  9.236790 0.322716 SUCCESS  82
101001100   31   25   27   25   30   26   36   37 16.032013 0.041924 SUCCESS  83
101010000   23   28   21   24   23   29   23   23  2.274087 0.971435 SUCCESS  84
101010100   21   20   23   22   30   27   24   16  6.246628 0.619627 SUCCESS  85
101011000   21   32   20   21   36   27   23   20 11.137996 0.194002 SUCCESS  86
101011100   24   21   24   28   23   34   30   33  9.504892 0.301508 SUCCESS  87
101100000   23   26   22   19   30   23   21   18  5.305954 0.724431 SUCCESS  88
101100100   31   18   29   28   20   31   29   20  9.410229 0.308879 SUCCESS  89
101101000   22   31   24   27   26   22   22   26  3.088322 0.928693 SUCCESS  90
101101100   24   19   24   23   23   20   28   14  7.364049 0.497911 SUCCESS  91
101110000   19   23   24   26   26   26   37   33 11.512677 0.174307 SUCCESS  92
101110100   29   15   30   22   33   21   35   21 15.087368 0.057469 SUCCESS  93
101111000   21   26   25   29   21   28   19   20  4.603594 0.798982 SUCCESS  94
101111100   23   26   24   24   25   14   19   29  6.933101 0.543868 SUCCESS  95
110000000   17   26   24   22   27   25   27   22  3.510665 0.898360 SUCCESS  96
110000010   18   23   25   29   19   27   21   20  5.560155 0.696367 SUCCESS  97
110000100   21   27   24   22   26   28   25   19  2.934743 0.938386 SUCCESS  98
110001000   27   29   18   24   27   27   29   28  4.945175 0.763419 SUCCESS  99
110001010   22   24   25   31   17   25   21   31  6.782169 0.560307 SUCCESS 100
110010000   19   25   30   28   25   21   14   26  8.323258 0.402547 SUCCESS 101
110010010   33   19   24   28   15   22   22   27  9.442004 0.306391 SUCCESS 102
110010100   28   27   24   21   18   26   22   23  3.502059 0.899030 SUCCESS 103
110011000   27   23   27   16   17   24   25   27  6.272445 0.616743 SUCCESS 104
110011010   33   31   24   16   17   27   16   25 13.585336 0.093235 SUCCESS 105
110100000   27   26   30   32   23   16   26   31  9.199057 0.325783 SUCCESS 106
110100010   25   20   30   22   29   30   27   28  5.470787 0.706274 SUCCESS 107
110100100   26   26   24   24   27   28   23   24  1.156665 0.997052 SUCCESS 108
110101000   20   23   30   25   21   25   29   19  4.883611 0.769940 SUCCESS 109
110101010   25   20   32   26   33   25   15   19 11.518635 0.174008 SUCCESS 110
110101100   25   29   19   20   31   30   25   17  8.476837 0.388329 SUCCESS 111
110110000   27   26   22   14   21   23   25   16  8.795912 0.359804 SUCCESS 112
110110010   31   23   26   28   18   27   24   17  6.934425 0.543724 SUCCESS 113
110110100   23   32   27   18   24   25   29   21  5.960652 0.651640 SUCCESS 114
110111000   18   17   20   14   26   23   25   22  9.904728 0.271777 SUCCESS 115
110111010   26   21   27   28   30   28   27   26  3.708597 0.882412 SUCCESS 116
110111100   14   29   28   31   27   23   19   22  9.722021 0.285081 SUCCESS 117
111000000   21   35   25   18   29   23   23   22  8.307371 0.404036 SUCCESS 118
111000010   32   21   25   20   28   27   18   28  6.892720 0.548251 SUCCESS 119
111000100   22   23   19   27   29   35   26   19  8.850194 0.355091 SUCCESS 120
111000110   25   24   20   17   22   31   19   27  6.772240 0.561394 SUCCESS 121
111001000   19   27   21   30   25   18   19   19  7.559333 0.477654 SUCCESS 122
111001010   24   30   25   20   22   26   23   24  2.613020 0.956252 SUCCESS 123
111001100   24   18   31   26   19   21   21   31  7.755941 0.457666 SUCCESS 124
111010000   31   23   24   30   24   18   26   31  6.961566 0.540785 SUCCESS 125
111010010   22   14   24   24   34   16   30   22 13.305318 0.101767 SUCCESS 126
111010100   23   29   25   26   23   17   36   16 12.196502 0.142649 SUCCESS 127
111010110   27   28   18   21   26   20   30   23  5.400617 0.714024 SUCCESS 128
111011000   21   33   22   26   19   17   16   31 12.364645 0.135661 SUCCESS 129
111011010   16   26   25   24   26   19   23   19  5.779932 0.671867 SUCCESS 130
111011100   21   23   19   12   24   22   18   19 11.539156 0.172980 SUCCESS 131
111100000   23   21   23   14   20   21   19   23  7.862520 0.447014 SUCCESS 132
111100010   19   29   24   30   24   25   18   25  5.239756 0.731670 SUCCESS 133
111100100   23   20   28   28   24   21   19   24  3.739048 0.879867 SUCCESS 134
111100110   22   23   31   21   20   20   23   32  6.832480 0.554810 SUCCESS 135
111101000   27   19   26   25   22   17   28   32  7.205836 0.514596 SUCCESS 136
111101010   24   24   30   23   28   16   20   26  5.891806 0.659350 SUCCESS 137
111101100   23   33   21   30   18   28   25   28  7.885028 0.444781 SUCCESS 138
111101110   18   23   16   22   26   26   23   21  5.838848 0.665278 SUCCESS 139
111110000   33   16   26   17   14   26   20   25 14.075201 0.079826 SUCCESS 140
111110010   31   25   25   24   30   25   25   29  4.140870 0.844195 SUCCESS 141
111110100   23   12   22   27   29   19   31   29 12.001218 0.151150 SUCCESS 142
111110110   22   28   18   27   17   21   21   25  6.127471 0.632956 SUCCESS 143
111111000   33   16   19   21   18   29   20   20 12.117726 0.146028 SUCCESS 144
111111010   25   15   24   31   24   23   31   30  8.876011 0.352863 SUCCESS 145
111111100   31   15   22   23   25   26   21   17  8.847546 0.355320 SUCCESS 146
111111110   20   13   26   27   24   30   20   19 10.109942 0.257394 SUCCESS 147

		  NONPERIODIC TEMPLATES TEST
-------------------------------------------------------------------------------------
		  COMPUTATIONAL INFORMATION
-------------------------------------------------------------------------------------
	LAMBDA = 24.398438	M = 12500	N = 8	m = 9	n = 100000
-------------------------------------------------------------------------------------
		F R E Q U E N C Y
Template   W_1  W_2  W_3  W_4  W_5  W_6  W_7  W_8    Chi^2   P_value Assignment Index
-------------------------------------------------------------------------------------
000000001   23   31   34   14   25   19   27   20 12.772424 0.119923 SUCCESS   0
000000011   18   26   30   22   25   17   33   25  8.900505 0.350759 SUCCESS   1
000000101   19   28   27   29   26   28   29   33  7.657968 0.467573 SUCCESS   2
000000111   27   23   22   22   19   18   30   23  5.238432 0.731815 SUCCESS   3
000001001   20   30   30   29   32   28   27   24  7.666574 0.466699 SUCCESS   4
000001011   23   27   22   25   20   25   25   26  1.587614 0.991156 SUCCESS   5
000001101   20   26   22   21   24   26   27   18  3.797964 0.874876 SUCCESS   6
000001111   19   27   26   22   38   18   34   23 15.434907 0.051221 SUCCESS   7
000010001   27   24   19   25   15   31   19   25  8.382174 0.397056 SUCCESS   8
000010011   25   32   21   19   30   32   25   26  8.088917 0.424833 SUCCESS   9
000010101   27   26   33   31   32   20   18   24 10.385325 0.239016 SUCCESS  10
000010111   24   25   30   15   16   24   16   26 11.185659 0.191400 SUCCESS  11
000011001   28   20   27   32   22   25   25   29  5.275503 0.727765 SUCCESS  12
000011011   23   34   27   23   29   22   29   30  7.725490 0.460734 SUCCESS  13
000011101   33   14   24   20   16   30   32   24 15.314427 0.053312 SUCCESS  14
000011111   22   33   27   25   33   24   28   22  7.614940 0.471958 SUCCESS  15
000100011   36   20   22   20   19   24   16   25 11.830427 0.158932 SUCCESS  16
000100101   25   21   23   33   17   25   26   22  6.408813 0.601539 SUCCESS  17
000100111   26   26   18   13   28   27   27   30  9.908700 0.271493 SUCCESS  18
000101001   19   21   29   22   21   27   23   28  4.273266 0.831665 SUCCESS  19
000101011   19   22   26   30   24   27   16   24  6.204923 0.624289 SUCCESS  20
000101101   21   23   17   28   23   25   30   26  4.976950 0.760037 SUCCESS  21
000101111   16   26   32   18   18   24   26   22  9.373158 0.311801 SUCCESS  22
000110011   26   19   26   28   29   16   24   27  6.180430 0.627029 SUCCESS  23
000110101   29   25   23   27   21   21   18   26  4.103799 0.847639 SUCCESS  24
000110111   28   27   25   19   31   29   28   27  5.666071 0.684579 SUCCESS  25
000111001   22   20   31   24   20   22   26   23  4.171321 0.841345 SUCCESS  26
000111011   36   18   26   22   15   26   36   25 17.357958 0.026590 SUCCESS  27
000111101   21   28   20   18   27   19   26   21  5.712410 0.679410 SUCCESS  28
000111111   22   27   30   17   26   26   21   18  6.619984 0.578132 SUCCESS  29
001000011   25   16   25   30   21   24   26   21  5.442322 0.709422 SUCCESS  30
001000101   16   20   23   31   16   28   27   23  9.644570 0.290864 SUCCESS  31
001000111   31   25   22   24   18   32   18   16 11.017516 0.200709 SUCCESS  32
001001011   20   19   24   33   20   26   31   22  8.214032 0.412847 SUCCESS  33
001001101   22   24   22   26   21   24   18   22  3.077068 0.929428 SUCCESS  34
001001111   25   27   20   19   25   26   23   25  2.578597 0.957965 SUCCESS  35
001010011   25   24   29   23   27   21   28   29  3.224690 0.919476 SUCCESS  36
001010101   26   28   23   28   27   20   23   25  2.495188 0.961955 SUCCESS  37
001010111   24   27   21   25   29   27   24   28  2.538217 0.959925 SUCCESS  38
001011011   21   20   26   31   20   21   27   24  4.866400 0.771755 SUCCESS  39
001011101   31   32   25   19   19   20   15   18 13.075611 0.109274 SUCCESS  40
001011111   15   22   25   26   20   20   18   24  7.490488 0.484751 SUCCESS  41
001100101   25   20   25   21   23   26   20   31  4.197138 0.838913 SUCCESS  42
001100111   27   24   22   29   23   16   28   32  7.503065 0.483451 SUCCESS  43
001101011   21   27   23   29   16   24   21   25  5.255644 0.729936 SUCCESS  44
001101101   29   25   28   25   27   23   30   29  4.073348 0.850446 SUCCESS  45
001101111   30   25   18   25   25   27   19   16  7.619574 0.471485 SUCCESS  46
001110101   23   22   27   24   25   33   24   36  9.479075 0.303506 SUCCESS  47
001110111   29   31   23   20   19   33   30   25  9.359919 0.312849 SUCCESS  48
001111011   23   22   22   24   24   26   19   26  2.035774 0.979895 SUCCESS  49
001111101   18   28   29   32   17   19   26   23  9.374482 0.311696 SUCCESS  50
001111111   32   26   20   23   25   24   20   21  4.790272 0.779739 SUCCESS  51
010000011   26   23   30   20   35   26   26   27  7.606334 0.472837 SUCCESS  52
010000111   28   20   25   19   16   28   28   19  7.941296 0.439225 SUCCESS  53
010001011   20   22   29   25   20   21   28   22  4.077982 0.850020 SUCCESS  54
010001111   27   34   13   23   23   31   20   15 16.270988 0.038662 SUCCESS  55
010010011   25   33   18   20   27   20   21   19  8.534430 0.383078 SUCCESS  56
010010111   19   24   29   29   27   27   25   23  3.707273 0.882522 SUCCESS  57
010011011   26   23   20   19   24   18   24   21  4.483113 0.811120 SUCCESS  58
010011111   21   32   20   21   18   19   23   20  8.118044 0.422025 SUCCESS  59
010100011   30   26   26   26   21   26   25   30  3.598046 0.891448 SUCCESS  60
010100111   29   23   20   22   25   21   20   27  3.654315 0.886889 SUCCESS  61
010101011   25   27   25   30   30   20   25   25  3.826429 0.872434 SUCCESS  62
010101111   19   25   23   29   24   29   25   23  3.231972 0.918968 SUCCESS  63
010110011   24   16   16   30   20   26   28   28  9.340059 0.314426 SUCCESS  64
010110111   26   17   21   24   22   24   30   23  4.586382 0.800730 SUCCESS  65
010111011   27   25   24   30   18   20   21   19  5.916300 0.656607 SUCCESS  66
010111111   19   26   30   35   30   23   25   23  8.944857 0.346969 SUCCESS  67
011000111   14   27   36   19   16   25   29   26 15.814222 0.045118 SUCCESS  68
011001111   38   25   18   31   30   23   22   29 13.987157 0.082101 SUCCESS  69
011010111   25   23   24   29   30   20   19   26  4.494367 0.809996 SUCCESS  70
011011111   34   27   19   26   29   25   25   18  8.198144 0.414358 SUCCESS  71
011101111   35   27   19   25   24   29   33   23 10.419748 0.236792 SUCCESS  72
011111111   31   22   21   29   31   19   32   27  9.292397 0.318233 SUCCESS  73
100000000   23   31   34   14   25   19   27   20 12.772424 0.119923 SUCCESS  74
100010000   37   24   25   23   28   37   24   27 14.403543 0.071835 SUCCESS  75
100100000   29   32   23   23   26   30   14   30 10.859303 0.209799 SUCCESS  76
100101000   21   25   29   21   28   28   26   24  3.105533 0.927561 SUCCESS  77
100110000   23   27   26   26   18   26   20   28  3.799288 0.874763 SUCCESS  78
100111000   18   25   26   20   18   30   30   32  9.519456 0.300385 SUCCESS  79
101000000   22   20   28   27   34   22   29   26  7.054905 0.530721 SUCCESS  80
101000100   26   23   27   12   31   24   25   21  9.348665 0.313742 SUCCESS  81
101001000   20   18   20   25   28   24   17   15 10.006673 0.264558 SUCCESS  82
101001100   22   28   25   37   24   24   30   25  8.894547 0.351270 SUCCESS  83
101010000   23   19   30   16   31   22   17   29 10.941388 0.205042 SUCCESS  84
101010100   28   28   23   19   27   26   28   24  3.368339 0.909164 SUCCESS  85
101011000   17   23   20   25   15   24   27   29  8.169679 0.417073 SUCCESS  86
101011100   28   22   27   24   27   25   21   32  4.326224 0.826557 SUCCESS  87
101100000   28   23   24   33   31   23   38   19 14.775575 0.063659 SUCCESS  88
101100100   29   24   19   32   20   20   25   23  6.324079 0.610980 SUCCESS  89
101101000   24   26   20   18   20   24   21   20  4.804836 0.778217 SUCCESS  90
101101100   29   25   31   28   21   22   26   20  4.969669 0.760813 SUCCESS  91
101110000   21   27   24   31   21   28   21   35  8.919040 0.349172 SUCCESS  92
101110100   27   28   28   23   17   24   26   25  3.918445 0.864406 SUCCESS  93
101111000   26   23   28   22   27   28   16   21  5.298672 0.725229 SUCCESS  94
101111100   30   21   17   24   22   20   16   19  9.430750 0.307271 SUCCESS  95
110000000   20   24   27   21   22   22   31   21  4.425521 0.816837 SUCCESS  96
110000010   30   26   22   30   21   28   17   23  6.451841 0.596754 SUCCESS  97
110000100   27   29   25   33   20   27   21   24  5.936159 0.654383 SUCCESS  98
110001000   35   23   28   28   22   38   24   27 14.318809 0.073825 SUCCESS  99
110001010   20   18   23   18   19   23   20   17  8.827687 0.357040 SUCCESS 100
110010000   28   28   18   29   25   32   22   27  6.724577 0.566619 SUCCESS 101
110010010   21   20   24   25   24   27   27   18  3.645709 0.887592 SUCCESS 102
110010100   25   28   28   22   32   22   21   23  4.622129 0.797094 SUCCESS 103
110011000   28   26   29   18   15   23   27   21  7.890985 0.444191 SUCCESS 104
110011010   15   31   25   21   26   25   28   26  6.875508 0.550122 SUCCESS 105
110100000   22   18   25   23   33   23   29   23  6.273769 0.616595 SUCCESS 106
110100010   23   25   19   19   25   22   20   22  3.889979 0.866911 SUCCESS 107
110100100   27   20   20   23   28   23   22   16  5.873271 0.661425 SUCCESS 108
110101000   25   20   40   11   28   23   19   36 26.322489 0.000925 FAILURE 109
110101010   28   27   25   21   30   26   30   24  4.115053 0.846597 SUCCESS 110
110101100   15   21   22   30   14   22   29   32 13.974580 0.082430 SUCCESS 111
110110000   26   17   30   31   27   20   34   19 11.850287 0.158010 SUCCESS 112
110110010   27   27   25   28   21   14   23   21  6.780845 0.560452 SUCCESS 113
110110100   19   21   17   26   15   19   20   17 12.267334 0.139669 SUCCESS 114
110111000   24   26   23   24   18   20   26   39 11.900597 0.155694 SUCCESS 115
110111010   23   22   22   22   23   31   23   21  3.315381 0.913036 SUCCESS 116
110111100   29   22   26   19   30   31   14   21 10.730217 0.217459 SUCCESS 117
111000000   22   27   23   28   17   19   29   21  6.102978 0.635698 SUCCESS 118
111000010   33   24   30   29   18   25   22   20  8.180933 0.415999 SUCCESS 119
111000100   36   21   26   32   26   35   26   26 13.836226 0.086135 SUCCESS 120
111000110   26   28   23   22   26   23   25   26  1.300315 0.995548 SUCCESS 121
111001000   21   21   18   35   30   24   17   20 11.949584 0.153468 SUCCESS 122
111001010   27   24   27   20   33   20   22   30  6.927143 0.544513 SUCCESS 123
111001100   27   26   21   16   11   18   25   30 14.557784 0.068336 SUCCESS 124
111010000   26   22   20   23   32   22   29   24  4.850512 0.773428 SUCCESS 125
111010010   25   33   19   24   25   21   18   15 10.372748 0.239832 SUCCESS 126
111010100   32   23   29   18   35   27   25   32 12.674451 0.123552 SUCCESS 127
111010110   18   21   29   23   20   18   27   30  7.373979 0.496872 SUCCESS 128
111011000   25   18   28   21   25   31   28   27  5.486675 0.704516 SUCCESS 129
111011010   23   19   22   23   18   17   21   18  7.921436 0.441182 SUCCESS 130
111011100   24   26   25   25   12   22   25   28  7.467318 0.487151 SUCCESS 131
111100000   28   29   25   19   21   20   26   23  4.197138 0.838913 SUCCESS 132
111100010   32   24   20   26   20   29   16   19  9.322848 0.315797 SUCCESS 133
111100100   24   19   20   31   18   21   23   26  6.322755 0.611127 SUCCESS 134
111100110   27   34   26   21   24   28   25   26  5.470787 0.706274 SUCCESS 135
111101000   19   28   13   22   33   27   29   28 12.400392 0.134213 SUCCESS 136
111101010   25   25   26   20   24   28   28   33  5.199376 0.736070 SUCCESS 137
111101100   21   32   28   30   24   26   25   16  7.935338 0.439812 SUCCESS 138
111101110   25   23   24   24   19   35   23   27  6.477659 0.593887 SUCCESS 139
111110000   30   34   21   30   21   16   19   17 14.085130 0.079573 SUCCESS 140
111110010   27   25   21   28   28   16   23   25  4.976950 0.760037 SUCCESS 141
111110100   20   34   21   27   32   24   26   28  8.614529 0.375849 SUCCESS 142
111110110   22   27   22   27   23   23   18   16  5.949399 0.652900 SUCCESS 143
111111000   26   32   19   27   27   22   25   17  6.943030 0.542792 SUCCESS 144
111111010   23   25   22   23   25   24   23   26  0.638335 0.999665 SUCCESS 145
111111100   27   23   21   29   29   27   28   18  5.223869 0.733403 SUCCESS 146
111111110   31   22   21   29   31   19   32   27  9.292397 0.318233 SUCCESS 147

		  NONPERIODIC TEMPLATES TEST
-------------------------------------------------------------------------------------
		  COMPUTATIONAL INFORMATION
-------------------------------------------------------------------------------------
	LAMBDA = 24.398438	M = 12500	N = 8	m = 9	n = 100000
-------------------------------------------------------------------------------------
		F R E Q U E N C Y
Template   W_1  W_2  W_3  W_4  W_5  W_6  W_7  W_8    Chi^2   P_value Assignment Index
-------------------------------------------------------------------------------------
000000001   29   22   21   23   33   26   25   27  5.258292 0.729646 SUCCESS   0
000000011   28   21   24   17   19   33   24   27  8.027353 0.430803 SUCCESS   1
000000101   21   25   29   20   32   23   30   26  6.190359 0.625918 SUCCESS   2
000000111   30   21   20   19   14   33   24   30 12.924680 0.114468 SUCCESS   3
000001001   24   17   28   24   20   20   32   22  7.213118 0.513823 SUCCESS   4
000001011   19   24   28   26   26   28   27   16  5.832890 0.665944 SUCCESS   5
000001101   24   24   38   26   21   30   22   21 10.511763 0.230926 SUCCESS   6
000001111   28   22   21   26   22   22   17   28  4.747243 0.784218 SUCCESS   7
000010001   24   17   24   26   23   23   30   27  4.222955 0.836468 SUCCESS   8
000010011   19   21   27   30   23   20   26   23  4.434127 0.815987 SUCCESS   9
000010101   16   28   29   23   24   29   30   20  7.570587 0.476498 SUCCESS  10
000010111   25   20   24   26   26   21   20   19  3.602680 0.891076 SUCCESS  11
000011001   20   34   24   33   28   19   24   20 10.477340 0.233107 SUCCESS  12
000011011   31   28   34   23   21   25   23   23  7.054905 0.530721 SUCCESS  13
000011101   21   24   17   21   22   24   22   21  4.287829 0.830266 SUCCESS  14
000011111   30   27   22   26   20   18   34   32 10.876514 0.208795 SUCCESS  15
000100011   21   22   23   27   26   21   25   22  1.959646 0.982224 SUCCESS  16
000100101   23   20   25   21   24   22   19   25  2.907601 0.940021 SUCCESS  17
000100111   23   32   29   34   22   17   30   21 11.715243 0.164368 SUCCESS  18
000101001   23   25   23   28   20   25   26   26  1.782898 0.986959 SUCCESS  19
000101011   20   22   29   16   29   32   29   24  9.197733 0.325891 SUCCESS  20
000101101   27   20   24   27   27   28   26   35  7.106539 0.525183 SUCCESS  21
000101111   25   22   22   28   27   23   23   25  1.520092 0.992369 SUCCESS  22
000110011   25   34   29   32   30   22   27   22  9.369848 0.312063 SUCCESS  23
000110101   31   26   33   22   26   26   27   19  7.072116 0.528872 SUCCESS  24
000110111   22   18   30   24   21   27   21   24  4.586382 0.800730 SUCCESS  25
000111001   34   18   17   23   21   30   17   30 13.509208 0.095489 SUCCESS  26
000111011   21   21   20   28   17   15   22   22  8.896533 0.351099 SUCCESS  27
000111101   30   26   21   23   27   31   16   25  7.146920 0.520867 SUCCESS  28
000111111   32   19   25   22   21   22   30   29  6.901326 0.547315 SUCCESS  29
001000011   31   30   28   27   27   22   28   17  7.411050 0.493001 SUCCESS  30
001000101   27   21   26   24   23   27   35   29  6.919861 0.545303 SUCCESS  31
001000111   19   16   25   23   22   22   19   26  6.151964 0.630214 SUCCESS  32
001001011   15   24   28   23   24   20   24   26  5.323166 0.722543 SUCCESS  33
001001101   29   16   29   27   33   28   16   26 11.850287 0.158010 SUCCESS  34
001001111   26   37   18   35   21   22   29   34 18.868596 0.015578 SUCCESS  35
001010011   20   28   28   28   27   30   31   17  8.249778 0.409459 SUCCESS  36
001010101   33   29   20   23   23   18   17   22  9.314242 0.316484 SUCCESS  37
001010111   22   18   34   25   35   26   24   25 10.791781 0.213779 SUCCESS  38
001011011   29   24   29   24   27   31   20   28  5.309926 0.723995 SUCCESS  39
001011101   22   23   22   20   23   20   31   22  4.382492 0.821071 SUCCESS  40
001011111   23   23   35   28   23   27   30   22  7.419656 0.492104 SUCCESS  41
001100101   17   36   23   26   16   29   29   24 13.002131 0.111776 SUCCESS  42
001100111   23   32   21   27   27   27   25   21  4.385140 0.820811 SUCCESS  43
001101011   35   27   31   26   28   28   24   16 11.097616 0.196229 SUCCESS  44
001101101   37   24   24   24   19   29   25   22  9.138817 0.330721 SUCCESS  45
001101111   19   20   21   28   18   25   21   29  6.229416 0.621551 SUCCESS  46
001110101   18   21   30   24   25   26   18   17  7.737406 0.459532 SUCCESS  47
001110111   23   21   20   28   22   22   24   28  2.985053 0.935292 SUCCESS  48
001111011   38   15   19   21   30   32   19   17 20.635420 0.008182 FAILURE  49
001111101   23   31   19   21   28   14   37   26 15.620261 0.048149 SUCCESS  50
001111111   30   27   22   30   20   26   18   27  6.138725 0.631696 SUCCESS  51
010000011   15   27   22   25   27   23   21   25  5.162305 0.740096 SUCCESS  52
010000111   32   26   25   26   29   24   32   19  7.267400 0.508076 SUCCESS  53
010001011   22   21   18   36   20   21   32   20 12.746607 0.120871 SUCCESS  54
010001111   27   27   19   16   16   29   18   27 10.703076 0.219097 SUCCESS  55
010010011   35   27   15   29   28   30   33   31 16.547695 0.035179 SUCCESS  56
010010111   19   28   28   18   33   18   29   27 10.121195 0.256622 SUCCESS  57
010011011   29   18   25   25   31   23   20   32  7.859210 0.447342 SUCCESS  58
010011111   24   31   20   30   29   21   33   30  9.852432 0.275536 SUCCESS  59
010100011   25   26   27   20   17   23   24   28  4.188532 0.839725 SUCCESS  60
010100111   21   25   27   25   25   24   32   14  7.857886 0.447474 SUCCESS  61
010101011   24   30   29   27   28   23   17   23  5.554197 0.697028 SUCCESS  62
010101111   18   18   41   30   29   31   19   31 22.299638 0.004390 FAILURE  63
010110011   24   29   18   28   24   23   26   20  4.205744 0.838100 SUCCESS  64
010110111   29   22   30   22   25   28   24   30  4.614847 0.797836 SUCCESS  65
010111011   25   22   21   17   25   18   25   20  5.652170 0.686129 SUCCESS  66
010111111   28   20   29   39   23   23   20   27 12.571183 0.127480 SUCCESS  67
011000111   17   18   21   19   18   24   21   25  8.023381 0.431189 SUCCESS  68
011001111   26   32   23   24   28   28   25   21  4.250096 0.833883 SUCCESS  69
011010111   22   25   17   25   29   27   23   20  4.679721 0.791195 SUCCESS  70
011011111   26   25   26   26   26   22   21   28  1.732587 0.988141 SUCCESS  71
011101111   25   14   18   22   26   23   27   25  7.068144 0.529299 SUCCESS  72
011111111   21   20   27   33   20   19   22   24  7.035045 0.532856 SUCCESS  73
100000000   29   22   21   23   33   26   25   27  5.258292 0.729646 SUCCESS  74
100010000   25   22   25   28   23   29   21   24  2.299904 0.970410 SUCCESS  75
100100000   15   20   27   22   28   17   25   16 10.964558 0.203716 SUCCESS  76
100101000   21   25   19   26   27   33   22   28  6.062597 0.640220 SUCCESS  77
100110000   34   24   30   18   17   23   21   20 10.687188 0.220061 SUCCESS  78
100111000   27   25   31   22   21   30   31   16  9.045478 0.338474 SUCCESS  79
101000000   27   26   24   22   20   29   26   24  2.477977 0.962750 SUCCESS  80
101000100   26   31   29   25   35   23   22   20  8.775390 0.361597 SUCCESS  81
101001000   20   20   37   33   22   18   29   21 14.866267 0.061799 SUCCESS  82
101001100   22   32   22   20   26   33   25   26  7.122427 0.523483 SUCCESS  83
101010000   23   17   27   27   17   29   29   29  7.985648 0.434873 SUCCESS  84
101010100   21   23   21   20   20   22   21   27  3.720513 0.881419 SUCCESS  85
101011000   27   22   28   24   24   22   22   23  1.663741 0.989644 SUCCESS  86
101011100   25   33   23   20   29   25   20   22  6.028174 0.644076 SUCCESS  87
101100000   16   24   30   28   23   29   21   21  6.832480 0.554810 SUCCESS  88
101100100   22   22   20   24   30   23   23   30  4.138222 0.844442 SUCCESS  89
101101000   26   28   23   29   23   27   28   19  3.792006 0.875385 SUCCESS  90
101101100   25   33   15   28   27   26   17   28 10.705723 0.218937 SUCCESS  91
101110000   27   31   23   16   28   23   23   25  5.934835 0.654531 SUCCESS  92
101110100   22   20   27   27   26   25   23   13  7.348162 0.499576 SUCCESS  93
101111000   22   29   27   25   28   25   25   32  4.471198 0.812308 SUCCESS  94
101111100   24   20   23   19   25   28   29   28  4.155433 0.842834 SUCCESS  95
110000000   27   27   27   20   25   27   25   29  2.894362 0.940811 SUCCESS  96
110000010   22   25   35   25   26   22   24   19  6.629914 0.577036 SUCCESS  97
110000100   27   17   20   17   25   18   28   26  8.152467 0.418720 SUCCESS  98
110001000   22   27   23   29   22   28   22   24  2.554104 0.959160 SUCCESS  99
110001010   32   17   23   16   32   18   38   24 19.865538 0.010857 SUCCESS 100
110010000   20   18   23   22   31   19   23   20  6.864255 0.551347 SUCCESS 101
110010010   25   24   24   34   31   23   26   27  6.259205 0.618222 SUCCESS 102
110010100   19   26   25   29   29   39   22   22 12.673127 0.123602 SUCCESS 103
110011000   29   32   25   28   29   18   27   18  8.562895 0.380499 SUCCESS 104
110011010   33   33   21   26   22   19   22   19  9.823966 0.277599 SUCCESS 105
110100000   24   26   22   28   21   31   22   23  3.570905 0.893618 SUCCESS 106
110100010   21   27   30   33   22   20   27   17  8.909110 0.350021 SUCCESS 107
110100100   20   26   33   32   24   22   25   23  6.859621 0.551852 SUCCESS 108
110101000   23   24   26   27   22   28   29   22  2.419060 0.965398 SUCCESS 109
110101010   12   24   30   24   25   27   21   28  9.196410 0.325999 SUCCESS 110
110101100   29   24   29   19   22   24   19   20  5.340377 0.720653 SUCCESS 111
110110000   29   24   26   23   27   25   20   26  2.325721 0.969363 SUCCESS 112
110110010   17   19   19   33   29   23   26   31 10.857979 0.209877 SUCCESS 113
110110100   24   26   17   34   22   19   20   20  9.457892 0.305152 SUCCESS 114
110111000   30   26   24   25   21   22   25   33  5.343025 0.720362 SUCCESS 115
110111010   21   20   28   28   30   26   16   22  7.078074 0.528233 SUCCESS 116
110111100   26   22   21   22   23   26   26   23  1.468457 0.993219 SUCCESS 117
111000000   21   29   24   21   21   27   32   37 11.834399 0.158747 SUCCESS 118
111000010   14   27   29   23   22   22   22   21  7.068144 0.529299 SUCCESS 119
111000100   19   28   25   31   23   27   34   13 13.425798 0.098015 SUCCESS 120
111000110   28   22   27   30   25   29   23   27  3.691386 0.883840 SUCCESS 121
111001000   21   17   17   25   18   27   25   26  7.287922 0.505911 SUCCESS 122
111001010   23   26   23   23   27   32   21   27  3.868134 0.868820 SUCCESS 123
111001100   20   31   26   23   26   28   18   15  8.992520 0.342927 SUCCESS 124
111010000   23   20   22   28   19   26   17   24  5.364870 0.717961 SUCCESS 125
111010010   20   24   29   29   28   24   22   23  3.503383 0.898927 SUCCESS 126
111010100   26   22   28   28   20   16   25   25  5.290067 0.726171 SUCCESS 127
111010110   24   21   28   25   21   22   17   24  4.119686 0.846167 SUCCESS 128
111011000   43   17   21   16   33   26   22   23 24.026081 0.002269 FAILURE 129
111011010   20   24   22   27   24   28   25   24  1.935153 0.982936 SUCCESS 130
111011100   29   22   18   17   21   23   20   27  6.872860 0.550410 SUCCESS 131
111100000   30   25   27   29   18   18   26   33  9.240762 0.322395 SUCCESS 132
111100010   18   27   23   28   29   21   30   26  5.478069 0.705469 SUCCESS 133
111100100   17   24   21   26   18   25   32   30  8.451020 0.390697 SUCCESS 134
111100110   24   33   18   23   20   27   20   25  6.900002 0.547459 SUCCESS 135
111101000   21   21   26   28   23   19   22   26  3.306775 0.913658 SUCCESS 136
111101010   25   17   27   28   17   18   19   26  8.567529 0.380080 SUCCESS 137
111101100   35   21   23   21   38   31   22   22 15.994942 0.042453 SUCCESS 138
111101110   25   17   24   23   21   23   21   28  4.034953 0.853956 SUCCESS 139
111110000   26   22   32   31   20   17   32   26 10.342297 0.241818 SUCCESS 140
111110010   25   22   25   22   20   18   26   34  7.086680 0.527310 SUCCESS 141
111110100   24   24   27   26   20   19   26   31  4.418239 0.817556 SUCCESS 142
111110110   23   27   23   24   37   23   32   23  9.800797 0.279287 SUCCESS 143
111111000   24   24   28   34   25   20   29   27  6.487588 0.592785 SUCCESS 144
111111010   32   23   30   22   20   17   23   24  7.332274 0.501243 SUCCESS 145
111111100   22   25   24   32   22   25   21   30  4.791596 0.779601 SUCCESS 146
111111110   21   20   27   33   20   19   22   24  7.035045 0.532856 SUCCESS 147

		  NONPERIODIC TEMPLATES TEST
-------------------------------------------------------------------------------------
		  COMPUTATIONAL INFORMATION
-------------------------------------------------------------------------------------
	LAMBDA = 24.398438	M = 12500	N = 8	m = 9	n = 100000
-------------------------------------------------------------------------------------
		F R E Q U E N C Y
Template   W_1  W_2  W_3  W_4  W_5  W_6  W_7  W_8    Chi^2   P_value Assignment Index
-------------------------------------------------------------------------------------
000000001   23   23   29   25   20   24   25   22  2.163536 0.975583 SUCCESS   0
000000011   28   23   33   25   21   24   24   28  4.834625 0.775097 SUCCESS   1
000000101   32   23   32   29   21   23   19   20  8.502655 0.385969 SUCCESS   2
000000111   21   19   29   29   24   14   20   31 10.771921 0.214960 SUCCESS   3
000001001   27   31   23   30   17   24   27   31  8.004184 0.433062 SUCCESS   4
000001011   25   20   29   25   27   25   22   34  6.198965 0.624956 SUCCESS   5
000001101   18   29   22   23   19   20   28   27  5.848778 0.664167 SUCCESS   6
000001111   24   19   21   24   21   21   26   28  3.374297 0.908724 SUCCESS   7
000010001   24   30   20   26   24   31   22   21  4.850512 0.773428 SUCCESS   8
000010011   21   30   26   23   26   25   26   24  2.249594 0.972388 SUCCESS   9
000010101   24   31   14   22   23   26   18   24  8.610557 0.376206 SUCCESS  10
000010111   29   25   24   26   32   28   15   32 10.215858 0.250201 SUCCESS  11
000011001   30   22   20   18   21   26   24   23  4.814765 0.777178 SUCCESS  12
000011011   21   31   24   28   20   22   30   19  6.519363 0.589261 SUCCESS  13
000011101   24   24   30   28   28   30   16   33  9.894136 0.272535 SUCCESS  14
000011111   20   24   20   19   16   16   24   25  8.879321 0.352578 SUCCESS  15
000100011   26   22   25   21   25   25   20   28  2.256875 0.972107 SUCCESS  16
000100101   27   26   28   23   28   25   31   24  3.445791 0.903356 SUCCESS  17
000100111   28   25   23   26   25   17   30   27  4.706863 0.788398 SUCCESS  18
000101001   21   27   17   29   25   18   20   22  6.805339 0.557774 SUCCESS  19
000101011   22   24   14   27   28   25   23   26  5.874595 0.661277 SUCCESS  20
000101101   25   18   29   21   25   18   26   26  5.103388 0.746471 SUCCESS  21
000101111   23   26   26   34   38   25   20   30 14.208259 0.076496 SUCCESS  22
000110011   22   24   22   22   21   27   21   22  2.246946 0.972490 SUCCESS  23
000110101   26   21   24   21   24   23   28   19  2.967842 0.936359 SUCCESS  24
000110111   19   28   23   22   26   19   26   21  4.052165 0.852387 SUCCESS  25
000111001   15   21   24   31   29   24   21   19  8.712502 0.367126 SUCCESS  26
000111011   29   22   34   27   26   29   28   29  7.785731 0.454676 SUCCESS  27
000111101   17   22   27   24   28   27   18   28  5.976540 0.649860 SUCCESS  28
000111111   18   23   23   15   14   26   29   23 11.312097 0.184635 SUCCESS  29
001000011   24   19   29   27   22   22   22   23  3.239253 0.918458 SUCCESS  30
001000101   20   24   17   25   22   24   26   25  3.535158 0.896444 SUCCESS  31
001000111   24   20   23   28   21   30   33   36 12.114416 0.146171 SUCCESS  32
001001011   21   23   33   26   26   27   28   19  5.995075 0.647784 SUCCESS  33
001001101   23   27   26   30   15   28   30   19  8.663516 0.371471 SUCCESS  34
001001111   29   26   17   27   25   14   25   24  8.229919 0.411339 SUCCESS  35
001010011   26   22   11   27   27   23   29   18 11.245899 0.188152 SUCCESS  36
001010101   29   25   21   24   23   32   24   21  4.435451 0.815856 SUCCESS  37
001010111   25   26   22   23   26   18   14   25  6.890072 0.548538 SUCCESS  38
001011011   29   14   25   21   27   23   25   22  6.611378 0.579082 SUCCESS  39
001011101   23   30   29   25   17   25   24   27  4.952457 0.762645 SUCCESS  40
001011111   17   29   30   25   36   30   31   24 13.445658 0.097408 SUCCESS  41
001100101   34   27   24   19   18   23   26   27  7.646715 0.468718 SUCCESS  42
001100111   18   23   32   27   21   27   17   28  8.196820 0.414484 SUCCESS  43
001101011   25   21   19   23   17   27   22   26  4.780342 0.780775 SUCCESS  44
001101101   17   25   31   27   21   19   25   23  6.289656 0.614821 SUCCESS  45
001101111   20   28   22   23   21   26   22   28  3.086998 0.928780 SUCCESS  46
001110101   23   25   18   20   26   29   19   33  8.027353 0.430803 SUCCESS  47
001110111   27   20   38   30   36   28   27   28 17.361930 0.026553 SUCCESS  48
001111011   18   23   25   21   25   24   23   21  2.916207 0.939505 SUCCESS  49
001111101   29   27   24   32   28   20   18   25  6.757676 0.562989 SUCCESS  50
001111111   25   23   22   23   19   26   27   21  2.544175 0.959639 SUCCESS  51
010000011   21   26   12   27   21   26   26   26  8.212708 0.412973 SUCCESS  52
010000111   21   25   26   28   22   29   19   26  3.647033 0.887484 SUCCESS  53
010001011   20   28   20   21   28   19   24   28  5.018655 0.755580 SUCCESS  54
010001111   19   20   28   31   22   31   27   36 12.529478 0.129097 SUCCESS  55
010010011   26   30   21   28   28   22   28   23  3.902557 0.865806 SUCCESS  56
010010111   22   23   28   26   28   27   29   18  4.452662 0.814150 SUCCESS  57
010011011   25   19   24   24   21   32   32   21  7.138314 0.521786 SUCCESS  58
010011111   21   29   21   21   24   14   19   26  8.296117 0.405092 SUCCESS  59
010100011   23   28   34   31   27   16   30   30 12.318306 0.137557 SUCCESS  60
010100111   24   23   14   22   29   20   24   25  6.653083 0.574482 SUCCESS  61
010101011   35   27   20   19   29   35   28   20 14.130807 0.078419 SUCCESS  62
010101111   28   25   27   20   32   17   20   24  7.264752 0.508356 SUCCESS  63
010110011   17   20   21   25   13   15   34   33 19.930412 0.010603 SUCCESS  64
010110111   32   17   24   27   28   24   24   24  5.630324 0.688562 SUCCESS  65
010111011   29   23   21   20   18   25   24   22  4.289153 0.830138 SUCCESS  66
010111111   22   23   28   24   36   29   22   16 10.714329 0.218417 SUCCESS  67
011000111   26   19   24   16   20   26   23   24  5.356265 0.718907 SUCCESS  68
011001111   19   30   26   32   23   28   18   27  7.774477 0.455804 SUCCESS  69
011010111   25   20   18   25   26   29   31   22  5.680635 0.682955 SUCCESS  70
011011111   19   31   21   15   20   25   19   12 15.894983 0.043908 SUCCESS  71
011101111   28   22   30   31   22   24   21   20  5.528379 0.699894 SUCCESS  72
011111111   20   24   24   25   24   19   20   18  4.643974 0.794862 SUCCESS  73
100000000   23   23   29   25   20   24   25   22  2.163536 0.975583 SUCCESS  74
100010000   21   24   27   22   31   28   18   29  6.053991 0.641184 SUCCESS  75
100100000   24   35   20   23   22   21   29   28  7.850605 0.448198 SUCCESS  76
100101000   22   25   19   25   15   25   30   25  6.611378 0.579082 SUCCESS  77
100110000   16   16   16   26   18   22   24   25 11.073784 0.197553 SUCCESS  78
100111000   22   28   32   24   25   19   30   22  6.071203 0.639256 SUCCESS  79
101000000   24   16   27   29   27   23   25   26  4.672440 0.791943 SUCCESS  80
101000100   22   24   31   22   25   23   23   25  2.536893 0.959988 SUCCESS  81
101001000   20   35   29   24   30   20   24   34 12.546689 0.128428 SUCCESS  82
101001100   22   19   23   28   23   24   22   30  3.773471 0.876961 SUCCESS  83
101010000   25   28   18   26   30   25   29   19  5.884525 0.660165 SUCCESS  84
101010100   27   28   32   26   26   18   24   27  5.529703 0.699747 SUCCESS  85
101011000   26   26   31   25   19   23   25   30  4.741285 0.784836 SUCCESS  86
101011100   32   28   20   23   23   27   27   22  4.800202 0.778702 SUCCESS  87
101100000   19   28   22   30   23   26   21   25  4.053488 0.852266 SUCCESS  88
101100100   26   16   24   16   16   34   27   24 13.279501 0.102588 SUCCESS  89
101101000   24   21   33   25   21   21   24   23  4.714144 0.787646 SUCCESS  90
101101100   19   14   19   23   30   32   24   23 11.000304 0.201682 SUCCESS  91
101110000   23   27   20   26   26   25   23   25  1.520092 0.992369 SUCCESS  92
101110100   23   29   27   20   35   29   33   28 11.429267 0.178542 SUCCESS  93
101111000   30   24   29   27   33   22   23   27  6.267811 0.617261 SUCCESS  94
101111100   26   27   25   29   22   22   18   18  5.264250 0.728995 SUCCESS  95
110000000   28   21   30   27   21   28   31   22  5.783904 0.671423 SUCCESS  96
110000010   16   31   17   30   22   25   19   30 11.306139 0.184949 SUCCESS  97
110000100   23   32   16   29   27   25   31   19  9.799473 0.279383 SUCCESS  98
110001000   22   24   25   20   24   20   26   34  5.926229 0.655495 SUCCESS  99
110001010   22   25   20   29   25   14   26   29  7.577869 0.475751 SUCCESS 100
110010000   33   20   21   27   17   24   21   25  7.560657 0.477518 SUCCESS 101
110010010   25   25   25   21   27   25   21   19  2.561386 0.958807 SUCCESS 102
110010100   30   24   16   21   16   20   33   26 11.864850 0.157337 SUCCESS 103
110011000   27   19   23   26   25   20   26   29  3.553694 0.894983 SUCCESS 104
110011010   25   26   29   18   30   32   25   25  6.563716 0.584349 SUCCESS 105
110100000   18   18   24   31   25   21   21   31  8.162397 0.417770 SUCCESS 106
110100010   23   27   27   21   31   22   23   28  3.868134 0.868820 SUCCESS 107
110100100   21   27   31   30   31   19   35   21 12.283883 0.138980 SUCCESS 108
110101000   22   30   28   34   27   28   27   25  7.166779 0.518750 SUCCESS 109
110101010   33   30   31   21   32   21   28   26 10.395255 0.238372 SUCCESS 110
110101100   24   28   33   18    9   26   32   28 18.577325 0.017291 SUCCESS 111
110110000   19   23   21   25   23   36   27   21  8.383498 0.396933 SUCCESS 112
110110010   20   20   19   23   21   26   23   23  3.720513 0.881419 SUCCESS 113
110110100   21   23   26   26   21   22   25   28  2.087408 0.978214 SUCCESS 114
110111000   21   16   25   19   37   21   27   23 12.314334 0.137720 SUCCESS 115
110111010   34   21   29   27   32   28   33   23 11.794018 0.160634 SUCCESS 116
110111100   30   23   27   29   25   25   23   29  3.606652 0.890757 SUCCESS 117
111000000   31   21   33   29   22   26   24   21  7.215766 0.513542 SUCCESS 118
111000010   25   30   21   30   24   20   24   22  4.240167 0.834831 SUCCESS 119
111000100   24   16   23   22   26   22   31   26  5.629000 0.688710 SUCCESS 120
111000110   29   23   31   15   26   21   21   17  9.974898 0.266792 SUCCESS 121
111001000   32   18   27   24   13   35   17   24 17.068011 0.029409 SUCCESS 122
111001010   24   22   21   26   18   24   31   24  4.442733 0.815135 SUCCESS 123
111001100   27   27   21   26   25   25   24   35  5.970582 0.650527 SUCCESS 124
111010000   20   23   20   28   26   27   21   33  6.290980 0.614673 SUCCESS 125
111010010   23   22   27   28   33   19   34   28  9.987475 0.265906 SUCCESS 126
111010100   22   29   17   32   28   30   22   31  9.876925 0.273771 SUCCESS 127
111010110   16   23   28   22   17   29   21   19  8.804517 0.359054 SUCCESS 128
111011000   12   21   22   24   15   27   27   21 12.057486 0.148657 SUCCESS 129
111011010   17   27   23   23   17   22   28   31  7.730124 0.460267 SUCCESS 130
111011100   29   16   28   26   36   25   25   25 10.291986 0.245127 SUCCESS 131
111100000   23   35   27   26   20   30   23   20  8.291483 0.405528 SUCCESS 132
111100010   21   17   27   33   34   15   26   19 15.221088 0.054986 SUCCESS 133
111100100   30   20   23   23   20   36   16   28 12.374575 0.135257 SUCCESS 134
111100110   24   28   21   17   26   26   21   32  6.519363 0.589261 SUCCESS 135
111101000   18   21   22   31   29   21   23   29  6.680224 0.571494 SUCCESS 136
111101010   27   31   27   36   33   27   25   26 11.667580 0.166663 SUCCESS 137
111101100   11   28   26   20   16   18   18   19 16.775416 0.032534 SUCCESS 138
111101110   34   18   29   30   26   30   15   23 13.129893 0.107458 SUCCESS 139
111110000   21   32   24   24   21   22   21   15  7.915479 0.441770 SUCCESS 140
111110010   21   22   24   29   17   23   21   27  4.814765 0.777178 SUCCESS 141
111110100   19   22   21   29   30   22   19   25  5.687917 0.682143 SUCCESS 142
111110110   10   28   28   25   20   26   25   17 13.160345 0.106450 SUCCESS 143
111111000   23   27   26   14   23   17   28   15 11.752976 0.162570 SUCCESS 144
111111010   19   29   21   23   25   25   26   23  2.926137 0.938907 SUCCESS 145
111111100   21   27   23   22   20   21   24   19  3.652991 0.886997 SUCCESS 146
111111110   20   24   24   25   24   19   20   18  4.643974 0.794862 SUCCESS 147

		  NONPERIODIC TEMPLATES TEST
-------------------------------------------------------------------------------------
		  COMPUTATIONAL INFORMATION
-------------------------------------------------------------------------------------
	LAMBDA = 24.398438	M = 12500	N = 8	m = 9	n = 100000
-------------------------------------------------------------------------------------
		F R E Q U E N C Y
Template   W_1  W_2  W_3  W_4  W_5  W_6  W_7  W_8    Chi^2   P_value Assignment Index
-------------------------------------------------------------------------------------
000000001   24   24   34   24   22   20   30   17  8.637699 0.373775 SUCCESS   0
000000011   21   19   20   19   24   24   29   27  4.975626 0.760178 SUCCESS   1
000000101   22   25   31   27   26   22   26   24  2.859939 0.942837 SUCCESS   2
000000111   16   21   23   27   25   26   31   26  5.926229 0.655495 SUCCESS   3
000001001   22   18   30   24   25   25   13   17 11.168447 0.192336 SUCCESS   4
000001011   24   23   24   29   23   22   23   23  1.485669 0.992943 SUCCESS   5
000001101   28   26   25   23   23   29   28   27  2.572640 0.958258 SUCCESS   6
000001111   16   18   28   22   35   25   35   27 15.341568 0.052834 SUCCESS   7
000010001   25   25   18   19   16   29   25   31  8.746925 0.364093 SUCCESS   8
000010011   27   18   27   20   19   30   25   24  5.713734 0.679262 SUCCESS   9
000010101   20   33   33   26   31   30   27   20 11.479578 0.175977 SUCCESS  10
000010111   22   18   17   21   21   17   26   19  8.938237 0.347533 SUCCESS  11
000011001   28   24   22   24   25   32   21   28  4.309013 0.828223 SUCCESS  12
000011011   25   19   19   19   19   32   19   27  8.923674 0.348776 SUCCESS  13
000011101   22   26   21   30   20   12   26   24  9.618753 0.292810 SUCCESS  14
000011111   20   23   20   30   27   37   29   21 11.452437 0.177357 SUCCESS  15
000100011   26   22   20   20   19   31   21   34  9.467821 0.304379 SUCCESS  16
000100101   29   23   21   21   22   22   15   23  6.271121 0.616891 SUCCESS  17
000100111   24   22   27   18   27   18   26   35  9.163311 0.328707 SUCCESS  18
000101001   21   26   37   22   27   19   31   33 14.071891 0.079911 SUCCESS  19
000101011   16   29   33   31   28   35   36   21 20.369305 0.009026 FAILURE  20
000101101   26   24   29   17   22   34   19   20  9.535343 0.299164 SUCCESS  21
000101111   22   28   17   26   28   13   27   19 10.796415 0.213504 SUCCESS  22
000110011   31   26   21   20   27   32   21   29  7.385233 0.495695 SUCCESS  23
000110101   24   20   24   27   17   28   21   12 10.990375 0.202245 SUCCESS  24
000110111   23   19   21   21   26   24   27   23  2.781163 0.947331 SUCCESS  25
000111001   25   36   19   16   21   26   23   35 15.383273 0.052108 SUCCESS  26
000111011   28   27   12   37   27   18   22   33 19.476294 0.012510 SUCCESS  27
000111101   29   24   25   27   19   24   30   33  6.911255 0.546237 SUCCESS  28
000111111   27   24   23   33   36   32   23   17 14.063285 0.080131 SUCCESS  29
001000011   19   25   17   20   30   22   24   22  6.212205 0.623475 SUCCESS  30
001000101   18   31   30   24   28   28   25   29  6.928467 0.544370 SUCCESS  31
001000111   31   21   21   23   32   23   15   27  9.467821 0.304379 SUCCESS  32
001001011   30   24   23   24   27   19   18   19  5.916300 0.656607 SUCCESS  33
001001101   32   21   24   25   20   32   20   23  7.129709 0.522705 SUCCESS  34
001001111   23   23   24   24   19   21   20   22  2.966518 0.936441 SUCCESS  35
001010011   26   24   27   18   25   18   31   33  8.867406 0.353605 SUCCESS  36
001010101   22   27   25   29   25   20   25   17  4.612199 0.798106 SUCCESS  37
001010111   16   26   28   25   27   34   33   28 11.538494 0.173013 SUCCESS  38
001011011   29   21   20   16   27   34   16   17 14.694152 0.065373 SUCCESS  39
001011101   26   27   22   27   20   23   28   22  2.621626 0.955818 SUCCESS  40
001011111   24   27   14   26   23   15   21   18 11.032080 0.199888 SUCCESS  41
001100101   36   25   29   21   23   26   21   22  8.028677 0.430674 SUCCESS  42
001100111   30   27   27   19   21   27   26   33  7.156850 0.519808 SUCCESS  43
001101011   20   31   33   38   14   27   31   14 24.933655 0.001595 FAILURE  44
001101101   22   27   26   31   26   25   20   26  3.537806 0.896236 SUCCESS  45
001101111   19   24   26   26   23   27   20   19  3.882698 0.867549 SUCCESS  46
001110101   15   28   34   21   22   22   23   24  9.263931 0.320523 SUCCESS  47
001110111   32   24   20   30   31   21   25   28  7.504389 0.483314 SUCCESS  48
001111011   27   21   33   25   20   19   28   25  6.545180 0.586401 SUCCESS  49
001111101   22   25   24   24   22   32   25   16  5.967934 0.650824 SUCCESS  50
001111111   33   24   21   33   25   31   21   17 11.435225 0.178237 SUCCESS  51
010000011   29   28   28   21   28   19   30   26  5.707776 0.679927 SUCCESS  52
010000111   26   25   16   19   30   24   26   33  8.926322 0.348549 SUCCESS  53
010001011   22   26   26   25   29   27   23   31  3.589441 0.892138 SUCCESS  54
010001111   30   21   21   25   25   18   19   27  5.594577 0.692541 SUCCESS  55
010010011   23   17   21   29   23   18   22   29  6.746422 0.564223 SUCCESS  56
010010111   29   23   23   24   26   17   23   25  3.595398 0.891661 SUCCESS  57
010011011   27   23   25   27   21   31   24   27  3.300817 0.914087 SUCCESS  58
010011111   19   18   27   27   27   23   27   21  4.688327 0.790309 SUCCESS  59
010100011   26   34   30   15   26   24   24   32 11.656326 0.167209 SUCCESS  60
010100111   29   20   28   17   25   16   24   29  8.492725 0.386876 SUCCESS  61
010101011   20   22   26   34   31   21   21   24  7.909521 0.442358 SUCCESS  62
010101111   15   19   27   21   22   23   28   25  6.644477 0.575430 SUCCESS  63
010110011   19   38   33   32   28   24   33   23 18.429042 0.018230 SUCCESS  64
010110111   27   24   22   21   22   31   19   14  8.932280 0.348041 SUCCESS  65
010111011   16   31   24   36   18   25   30   21 14.112272 0.078886 SUCCESS  66
010111111   19   25   22   19   25   21   23   23  3.398790 0.906901 SUCCESS  67
011000111   30   21   28   32   28   28   23   23  6.081133 0.638144 SUCCESS  68
011001111   28   33   29   27   18   25   33   32 12.200474 0.142481 SUCCESS  69
011010111   20   28   23   32   16   23   25   24  6.993341 0.537351 SUCCESS  70
011011111   25   26   27   19   24   19   15   14 11.210152 0.190074 SUCCESS  71
011101111   24   23   25   33   26   22   23   19  4.909428 0.767211 SUCCESS  72
011111111   27   25   23   31   23   22   18   22  4.536072 0.805813 SUCCESS  73
100000000   24   24   34   24   22   20   30   17  8.637699 0.373775 SUCCESS  74
100010000   16   33   28   27   22   25   27   20  8.324582 0.402423 SUCCESS  75
100100000   23   20   24   18   29   26   19   27  5.170910 0.739163 SUCCESS  76
100101000   24   29   30   23   32   25   29   27  5.963300 0.651343 SUCCESS  77
100110000   12   22   29   23   26   30   22   23  9.500920 0.301814 SUCCESS  78
100111000   29   20   18   21   28   24   23   33  7.714237 0.461870 SUCCESS  79
101000000   27   26   32   24   26   30   19   22  5.766692 0.673347 SUCCESS  80
101000100   21   23   22   22   20   21   16   30  6.686182 0.570838 SUCCESS  81
101001000   23   20   31   26   31   18   13   24 11.949584 0.153468 SUCCESS  82
101001100   28   29   26   24   26   26   19   25  3.029406 0.932499 SUCCESS  83
101010000   21   21   25   32   16   30   15   26 11.610650 0.169439 SUCCESS  84
101010100   20   30   24   24   18   30   26   17  7.653997 0.467977 SUCCESS  85
101011000   21   26   15   31   16   20   31   29 12.738001 0.121188 SUCCESS  86
101011100   20   27   28   25   24   28   27   16  5.502562 0.702756 SUCCESS  87
101100000   26   26   18   25   22   23   29   26  3.299493 0.914182 SUCCESS  88
101100100   33   28   24   24   28   28   21   27  5.572732 0.694969 SUCCESS  89
101101000   30   24   27   24   24   32   20   28  5.453576 0.708178 SUCCESS  90
101101100   18   23   18   28   24   28   22   22  5.145093 0.741962 SUCCESS  91
101110000   20   30   29   26   20   33   28   23  7.741378 0.459132 SUCCESS  92
101110100   32   21   21   29   40   28   24   25 15.207848 0.055228 SUCCESS  93
101111000   25   20   26   14   23   18   34   24 11.254505 0.187691 SUCCESS  94
101111100   23   27   24   28   18   23   20   13  9.067323 0.336649 SUCCESS  95
110000000   17   17   26   19   22   23   28   19  8.092227 0.424513 SUCCESS  96
110000010   25   22   22   26   24   25   26   34  4.647946 0.794456 SUCCESS  97
110000100   31   25   18   27   19   24   29   35 10.783175 0.214290 SUCCESS  98
110001000   16   33   25   24   25   33   26   19 10.638202 0.223054 SUCCESS  99
110001010   23   24   27   33   21   25   26   28  4.673764 0.791807 SUCCESS 100
110010000   24   26   22   18   29   27   18   26  5.120600 0.744612 SUCCESS 101
110010010   23   27   24   21   28   14   18   31  9.577048 0.295974 SUCCESS 102
110010100   24   28   26   18   25   25   26   27  2.825516 0.944825 SUCCESS 103
110011000   23   22   29   21   26   35   22   18  8.561571 0.380619 SUCCESS 104
110011010   19   34   23   30   27   27   35   27 12.174657 0.143580 SUCCESS 105
110100000   39   26   25   21   29   19   22   22 12.265348 0.139752 SUCCESS 106
110100010   23   17   20   22   22   31   24   36 11.264434 0.187161 SUCCESS 107
110100100   34   21   25   29   32   15   17   25 13.832254 0.086244 SUCCESS 108
110101000   26   26   27   28   31   27   22   25  3.445791 0.903356 SUCCESS 109
110101010   18   25   25   29   24   31   22   24  4.765779 0.782292 SUCCESS 110
110101100   25   27   21   34   14   21   36   22 15.713601 0.046668 SUCCESS 111
110110000   27   26   14   22   16   28   29   23  9.737909 0.283905 SUCCESS 112
110110010   23   25   24   33   21   24   19   33  8.104805 0.423300 SUCCESS 113
110110100   27   19   24   26   27   32   14   27  9.239438 0.322502 SUCCESS 114
110111000   19   33   20   21   15   27   33   27 13.128570 0.107502 SUCCESS 115
110111010   28   19   19   33   32   26   28   25  9.275185 0.319616 SUCCESS 116
110111100   29   24   33   25   29   30   37   17 15.327004 0.053090 SUCCESS 117
111000000   19   19   32   18   20   24   37   21 14.695476 0.065344 SUCCESS 118
111000010   29   24   23   21   24   25   27   26  1.893448 0.984106 SUCCESS 119
111000100   20   29   23   26   25   22   31   26  4.122334 0.845921 SUCCESS 120
111000110   32   28   14   16   20   17   26   24 13.821000 0.086552 SUCCESS 121
111001000   22   26   20   18   30   25   16   31  9.085859 0.335105 SUCCESS 122
111001010   22   30   21   11   25   16   28   27 13.507884 0.095529 SUCCESS 123
111001100   21   22   31   21   22   34   22   21  7.951226 0.438249 SUCCESS 124
111010000   30   24   24   22   34   21   26   26  6.198965 0.624956 SUCCESS 125
111010010   34   19   23   37   29   21   24   30 14.673630 0.065811 SUCCESS 126
111010100   18   27   32   24   22   20   26   26  5.756763 0.674457 SUCCESS 127
111010110   27   23   19   34   16   21   27   21  9.763726 0.282002 SUCCESS 128
111011000   33   24   24   28   24   27   29   21  5.377448 0.716577 SUCCESS 129
111011010   32   18   18   21   23   26   14   21 11.668242 0.166631 SUCCESS 130
111011100   26   35   27   21   19   25   29   21  8.282877 0.406337 SUCCESS 131
111100000   22   15   31   23   19   22   35   19 13.390052 0.099115 SUCCESS 132
111100010   23   32   28   26   26   20   28   24  4.673764 0.791807 SUCCESS 133
111100100   27   28   31   23   30   18   26   26  6.046710 0.642000 SUCCESS 134
111100110   18   28   26   28   20   26   27   16  7.145596 0.521009 SUCCESS 135
111101000   22   24   17   28   22   16   21   27  7.127061 0.522988 SUCCESS 136
111101010   15   22   28   25   28   19   23   23  6.500828 0.591316 SUCCESS 137
111101100   35   23   33   27   24   25   23   22  8.614529 0.375849 SUCCESS 138
111101110   23   27   22   24   28   29   24   21  2.562710 0.958742 SUCCESS 139
111110000   18   18   27   28   23   25   26   17  6.831156 0.554955 SUCCESS 140
111110010   21   25   27   22   21   21   26   25  2.137719 0.976496 SUCCESS 141
111110100   21   21   18   28   18   23   24   28  5.636282 0.687899 SUCCESS 142
111110110   27   21   22   16   35   28   22   22  9.806755 0.278852 SUCCESS 143
111111000   16   15   15   29   19   30   16   15 20.664548 0.008094 FAILURE 144
111111010   20   27   23   30   19   18   23   25  5.585972 0.693498 SUCCESS 145
111111100   26   25   22   29   25   23   19   17  4.916710 0.766440 SUCCESS 146
111111110   27   25   23   31   23   22   18   22  4.536072 0.805813 SUCCESS 147

		  NONPERIODIC TEMPLATES TEST
-------------------------------------------------------------------------------------
		  COMPUTATIONAL INFORMATION
-------------------------------------------------------------------------------------
	LAMBDA = 24.398438	M = 12500	N = 8	m = 9	n = 100000
-------------------------------------------------------------------------------------
		F R E Q U E N C Y
Template   W_1  W_2  W_3  W_4  W_5  W_6  W_7  W_8    Chi^2   P_value Assignment Index
-------------------------------------------------------------------------------------
000000001   33   19   24   20   20   20   15   30 11.906555 0.155422 SUCCESS   0
000000011   34   27   22   25   20   14   26   35 14.722617 0.064769 SUCCESS   1
000000101   28   17   33   20   27   29   26   32 10.563398 0.227685 SUCCESS   2
000000111   30   20   20   26   25   17   26   29  6.417418 0.600581 SUCCESS   3
000001001   22   17   28   20   18   26   20   32  9.042830 0.338696 SUCCESS   4
000001011   29   21   27   26   19   26   28   31  5.521098 0.700701 SUCCESS   5
000001101   29   26   26   24   22   22   20   20  3.247859 0.917854 SUCCESS   6
000001111   26   24   15   23   24   18   14   25 10.278085 0.246048 SUCCESS   7
000010001   25   30   18   30   29   25   27   24  5.614437 0.690331 SUCCESS   8
000010011   22   21   22   20   17   26   26   26  4.441409 0.815266 SUCCESS   9
000010101   21   25   35   17   22   27   22   28  8.909110 0.350021 SUCCESS  10
000010111   31   18   25   27   17   23   29   23  7.264752 0.508356 SUCCESS  11
000011001   24   24   23   21   21   30   26   24  2.519681 0.960807 SUCCESS  12
000011011   21   32   22   32   24   19   14   25 11.467000 0.176616 SUCCESS  13
000011101   22   16   30   23   29   25   27   21  6.332685 0.610020 SUCCESS  14
000011111   27   25   19   23   21   16   20   29  6.813944 0.556833 SUCCESS  15
000100011   21   34   16   33   22   24   27   26 11.163813 0.192589 SUCCESS  16
000100101   20   32   24   28   22   33   25   23  7.300499 0.504585 SUCCESS  17
000100111   18   22   24   31    9   21   34   29 19.169135 0.013981 SUCCESS  18
000101001   25   19   22   15   28   22   20   23  6.931777 0.544011 SUCCESS  19
000101011   21   28   35   17   29   26   25   24  9.147423 0.330013 SUCCESS  20
000101101   27   24   27   22   29   24   24   38  9.572414 0.296328 SUCCESS  21
000101111   37   15   23   29   25   25   27   27 12.054176 0.148803 SUCCESS  22
000110011   35   17   14   21   19   23   28   24 14.024890 0.081119 SUCCESS  23
000110101   25   18   24   21   25   20   16   29  6.966200 0.540284 SUCCESS  24
000110111   24   28   19   28   28   16   13   21 11.872132 0.157001 SUCCESS  25
000111001   29   29   24   35   26   24   33   24  9.819333 0.277936 SUCCESS  26
000111011   17   17   20   22   27   17   24   22  8.557599 0.380978 SUCCESS  27
000111101   17   32   19   26   21   26   28   19  8.492725 0.386876 SUCCESS  28
000111111   23   21   19   30   27   21   29   24  4.816089 0.777040 SUCCESS  29
001000011   23   30   24   34   30   23   22   26  7.089328 0.527026 SUCCESS  30
001000101   25   23   23   29   33   24   22   17  6.782169 0.560307 SUCCESS  31
001000111   18   36   23   28   30   34   27   32 16.039295 0.041821 SUCCESS  32
001001011   22   27   23   31   23   29   30   18  6.503476 0.591022 SUCCESS  33
001001101   29   21   23   21   36   32   26   32 12.665846 0.123876 SUCCESS  34
001001111   17   22   18   29   21   24   29   28  7.136990 0.521927 SUCCESS  35
001010011   32   17   32   22   30   25   15   26 12.654592 0.124300 SUCCESS  36
001010101   19   19   25   26   34   23   32   20  9.849784 0.275728 SUCCESS  37
001010111   22   32   33   24   22   24   32   24  8.538402 0.382717 SUCCESS  38
001011011   22   30   23   21   27   18   32   27  6.901326 0.547315 SUCCESS  39
001011101   18   21   25   24   23   24   28   16  5.873271 0.661425 SUCCESS  40
001011111   27   26   27   23   22   31   30   30  5.513816 0.701509 SUCCESS  41
001100101   15   23   26   18   27   27   23   27  6.611378 0.579082 SUCCESS  42
001100111   20   17   18   20   31   19   29   26  9.779614 0.280836 SUCCESS  43
001101011   31   25   25   27   27   35   21   33 10.836133 0.211158 SUCCESS  44
001101101   27   32   22   26   16   20   25   26  7.019158 0.534567 SUCCESS  45
001101111   31   26   19   21   25   25   15   25  7.467318 0.487151 SUCCESS  46
001110101   29   28   37   26   24   25   33   31 13.286121 0.102377 SUCCESS  47
001110111   23   19   19   22   22   27   21   21  4.305041 0.828606 SUCCESS  48
001111011   19   32   22   26   19   16   21   24  8.754207 0.363453 SUCCESS  49
001111101   32   22   27   26   16   25   25   18  7.840675 0.449186 SUCCESS  50
001111111   19   28   22   27   33   15   25   27  9.493638 0.302377 SUCCESS  51
010000011   35   30   26   23   20   22   25   13 12.865764 0.116552 SUCCESS  52
010000111   21   25   19   32   25   23   22   24  4.536072 0.805813 SUCCESS  53
010001011   25   16   21   30   33   27   22   24  8.494049 0.386755 SUCCESS  54
010001111   16   27   26   28   22   33   22   22  7.798970 0.453350 SUCCESS  55
010010011   27   28   26   22   28   27   21   24  2.521005 0.960744 SUCCESS  56
010010111   23   26   34   24   27   24   25   20  5.232475 0.732465 SUCCESS  57
010011011   27   16   27   17   26   21   22   24  6.729211 0.566111 SUCCESS  58
010011111   21   26   23   28   21   19   32   22  5.646212 0.686793 SUCCESS  59
010100011   18   28   22   18   25   23   20   19  6.414770 0.600876 SUCCESS  60
010100111   34   24   34   21   19   21   19   28 11.815864 0.159611 SUCCESS  61
010101011   24   23   27   35   33   31   29   20 11.835723 0.158685 SUCCESS  62
010101111   21   23   27   28   26   26   31   18  5.206657 0.735277 SUCCESS  63
010110011   31   29   18   14   23   22   30   16 13.703168 0.089838 SUCCESS  64
010110111   21   23   29   23   31   23   30   24  4.817413 0.776901 SUCCESS  65
010111011   21   31   33   24   25   21   29   20  7.698349 0.463477 SUCCESS  66
010111111   22   28   28   25   22   32   24   24  4.063418 0.851357 SUCCESS  67
011000111   32   23   24   35   23   23   27   20  8.571501 0.379722 SUCCESS  68
011001111   28   15   18   20   20   22   25   19  9.159339 0.329033 SUCCESS  69
011010111   22   27   26   27   36   28   23   34 11.166461 0.192444 SUCCESS  70
011011111   24   32   17   26   26   22   27   31  7.368021 0.497496 SUCCESS  71
011101111   24   23   30   30   19   25   29   20  5.715058 0.679115 SUCCESS  72
011111111   20   31   20   30   35   27   24   28 10.419748 0.236792 SUCCESS  73
100000000   33   19   24   20   20   20   15   30 11.906555 0.155422 SUCCESS  74
100010000   34   25   26   25   29   28   20   22  6.555110 0.585301 SUCCESS  75
100100000   29   17   23   23   22   23   19   28  5.492633 0.703856 SUCCESS  76
100101000   15   30   23   21   30   27   25   19  8.509936 0.385306 SUCCESS  77
100110000   26   23   28   25   24   24   26   23  0.961381 0.998481 SUCCESS  78
100111000   33   30   23   24   23   28   29   31  7.929380 0.440399 SUCCESS  79
101000000   20   15   26   26   21   16   22   20  9.320200 0.316008 SUCCESS  80
101000100   26   20   24   25   20   41   23   23 13.612477 0.092442 SUCCESS  81
101001000   17   16   22   27   23   26   21   24  6.525321 0.588600 SUCCESS  82
101001100   21   23   23   21   29   24   21   20  3.357086 0.909994 SUCCESS  83
101010000   26   18   24   23   19   23   14   27  8.118044 0.422025 SUCCESS  84
101010100   29   23   27   14   30   21   25   24  7.688420 0.464483 SUCCESS  85
101011000   34   26   24   27   18   32   20   21  9.799473 0.279383 SUCCESS  86
101011100   18   34   26   20   35   32   30   24 15.114509 0.056957 SUCCESS  87
101100000   27   22   27   22   31   23   23   30  4.402352 0.819121 SUCCESS  88
101100100   23   29   21   33   35   17   31   31 15.377315 0.052211 SUCCESS  89
101101000   30   23   34   30   15   21   28   28 11.978049 0.152186 SUCCESS  90
101101100   16   27   21   21   30   20   26   25  6.526645 0.588454 SUCCESS  91
101110000   19   25   22   21   24   26   25   23  2.196635 0.974382 SUCCESS  92
101110100   19   16   18   25   27   24   22   27  6.796733 0.558714 SUCCESS  93
101111000   24   23   26   18   22   29   18   30  6.137401 0.631844 SUCCESS  94
101111100   25   28   23   29   25   18   30   31  6.470377 0.594695 SUCCESS  95
110000000   29   29   22   23   22   26   29   30  4.699581 0.789150 SUCCESS  96
110000010   20   25   22   23   28   24   22   28  2.511076 0.961212 SUCCESS  97
110000100   22   23   26   36   20   25   16   22 10.204605 0.250958 SUCCESS  98
110001000   34   28   19   24   26   24   28   24  6.368432 0.606035 SUCCESS  99
110001010   26   18   25   19   26   26   18   23  5.127882 0.743825 SUCCESS 100
110010000   25   29   28   29   29   21   25   26  3.869458 0.868705 SUCCESS 101
110010010   24   22   30   28   23   18   22   23  4.273266 0.831665 SUCCESS 102
110010100   21   29   27   23   24   24   20   20  3.408720 0.906157 SUCCESS 103
110011000   29   23   18   25   22   20   30   33  8.257060 0.408771 SUCCESS 104
110011010   24   27   27   21   23   34   27   15  9.087183 0.334995 SUCCESS 105
110100000   27   19   29   31   19   18   32   20 10.501834 0.231554 SUCCESS 106
110100010   30   19   23   30   22   30   21   23  6.121513 0.633623 SUCCESS 107
110100100   18   20   24   29   26   27   21   26  4.451338 0.814282 SUCCESS 108
110101000   29   24   19   23   19   28   22   22  4.493043 0.810129 SUCCESS 109
110101010   34   27   29   23   29   29   22   24  7.217090 0.513402 SUCCESS 110
110101100   38   26   24   23   11   30   22   24 17.221591 0.027883 SUCCESS 111
110110000   21   24   24   24   29   17   22   31  5.815679 0.667870 SUCCESS 112
110110010   23   28   26   26   29   17   34   27  8.258384 0.408646 SUCCESS 113
110110100   21   25   31   23   17   19   24   20  6.813944 0.556833 SUCCESS 114
110111000   28   21   19   22   20   13   21   21  9.819995 0.277888 SUCCESS 115
110111010   21   19   17   22   24   29   21   31  7.526235 0.481060 SUCCESS 116
110111100   29   27   32   24   19   30   14   27 11.070474 0.197738 SUCCESS 117
111000000   31   28   25   22   19   25   34   35 12.572507 0.127429 SUCCESS 118
111000010   25   21   24   24   22   23   17   30  4.493043 0.810129 SUCCESS 119
111000100   36   34   23   28   23   26   28   26 11.090334 0.196633 SUCCESS 120
111000110   33   28   16   19   25   25   20   28  9.306960 0.317067 SUCCESS 121
111001000   19   22   20   27   28   29   24   20  4.857794 0.772662 SUCCESS 122
111001010   26   30   19   29   27   27   25   14  8.739643 0.364733 SUCCESS 123
111001100   20   23   26   26   29   25   25   31  3.893951 0.866562 SUCCESS 124
111010000   25   22   31   26   20   19   25   25  4.299083 0.829181 SUCCESS 125
111010010   21   23   21   30   28   26   18   29  5.680635 0.682955 SUCCESS 126
111010100   28   25   24   21   28   27   19   24  3.138632 0.925359 SUCCESS 127
111010110   29   18   26   27   14   26   36   25 13.434404 0.097752 SUCCESS 128
111011000   25   22   23   25   28   12   20   27  8.525824 0.383860 SUCCESS 129
111011010   20   29   31   25   20   23   26   18  6.324079 0.610980 SUCCESS 130
111011100   24   22   26   22   23   11   19   17 11.844991 0.158255 SUCCESS 131
111100000   21   22   31   24   23   24   29   30  4.902147 0.767982 SUCCESS 132
111100010   29   25   24   30   26   32   24   23  4.894865 0.768752 SUCCESS 133
111100100   29   18   25   30   23   26   26   17  6.595491 0.580836 SUCCESS 134
111100110   29   24   24   25   20   30   23   30  4.487085 0.810724 SUCCESS 135
111101000   21   20   27   27   16   27   26   18  7.000623 0.536566 SUCCESS 136
111101010   29   23   28   21   23   29   14   20  8.399386 0.395460 SUCCESS 137
111101100   30   26   18   37   28   19   33   23 14.902013 0.061079 SUCCESS 138
111101110   21   24   24   19   21   15   18   25  7.718871 0.461402 SUCCESS 139
111110000   23   16   27   32   23   14   30   31 13.645576 0.091484 SUCCESS 140
111110010   27   28   24   23   16   23   34   15 11.645073 0.167756 SUCCESS 141
111110100   21   22   24   26   19   23   29   25  3.078392 0.929342 SUCCESS 142
111110110   26   28   25   41   25   20   33   32 18.767975 0.016151 SUCCESS 143
111111000   19   21   15   27   30   24   29   22  8.229919 0.411339 SUCCESS 144
111111010   18   27   26   23   29   28   26   21  4.257378 0.833187 SUCCESS 145
111111100   28   32   26   29   32   29   26   24  7.464008 0.487494 SUCCESS 146
111111110   20   31   20   30   35   27   24   28 10.419748 0.236792 SUCCESS 147

